{"episode": 3, "reward": 1316.6848760444714, "goal": true, "collisions": 0, "path": [[1.500023025030317, 8.500167890457593], [1.5000839574318556, 8.500374880086671], [1.500256594834867, 8.500745151066727], [1.500539946759603, 8.50117178007196], [1.5009656851876239, 8.501641581932123], [1.5014352750845896, 8.502024912412086], [1.501826234027761, 8.502256440368289], [1.5021894169736365, 8.502403497454285], [1.5027496487132916, 8.502537522296112], [1.5035654995704713, 8.502607000851928], [1.504728233103891, 8.502531420903612], [1.5065412831141325, 8.502135904882667], [1.5096101793574812, 8.500964403994946], [1.5141917187834801, 8.498374493005318], [1.5205855039062621, 8.493368692374421], [1.5312734036820652, 8.482056227190984], [1.5537663768159868, 8.449763268841995], [1.5872383746432783, 8.383172840489639], [1.6193802389430525, 8.294018947197689], [1.6502089868413927, 8.202847213162674], [1.6818251418995382, 8.119602993740333], [1.7118002488392117, 8.052236699177516], [1.7370590786563875, 7.999589097364439], [1.759013866551471, 7.952758514000667], [1.7809346667605164, 7.905339286340965], [1.8007192737537148, 7.863055375082983], [1.820594356872392, 7.819584757699264], [1.8336274479630115, 7.791308632730139], [1.8554334160986068, 7.740438176928652], [1.8726389096232774, 7.699886562912358], [1.8902691514345529, 7.6574042799459825], [1.9077885677220943, 7.61318309107293], [1.9282268607171895, 7.559690235792292], [1.945198059559119, 7.516132297603978], [1.9760665749313953, 7.431808630614174], [1.9850017507674815, 7.410523277385725], [2.0127761145236613, 7.324805331094755], [2.016603410022584, 7.315578383071912], [2.0423202121278914, 7.223494876785768], [2.06435913011643, 7.131288719041837], [2.0815564447662505, 7.033897851272119], [2.0946455623603137, 6.936997969313158], [2.0978510691898586, 6.839227799935831], [2.08709838102783, 6.741162282093061], [2.0692237229200723, 6.643467892570985], [2.0643319268825175, 6.5477048947053085], [2.0509184678199412, 6.452950727804197], [2.0376302902701022, 6.35875080959369], [2.0234964820670607, 6.2612087918954025], [2.0191511679555, 6.1838345496492515], [2.005848078999919, 6.10326600508262], [1.988877923239273, 6.04245077134539], [1.9614496985564651, 5.9731056919829975], [1.9313811911384287, 5.904105574502243], [1.902639604185027, 5.841485992683662], [1.8952330118159475, 5.826793060316337], [1.8891004310103776, 5.813709845444752], [1.88263527398209, 5.800934339551819], [1.8768941192070665, 5.78880529446025], [1.8715307130592587, 5.77704254691918], [1.866235765639943, 5.7652181411670576], [1.860981132380915, 5.753331191516114], [1.855996126786125, 5.741946414722694], [1.8509984412344815, 5.730574899962736], [1.8459640420156243, 5.719139187275065], [1.8415803574139895, 5.709182322634948], [1.837455575831485, 5.6998999320479165], [1.8330794461185755, 5.690215454115165], [1.8286814382414045, 5.680488320677174], [1.824266291700554, 5.670718472129298], [1.819836975086731, 5.6609057501467], [1.8152688131781938, 5.6507691663267146], [1.8109562732393565, 5.641143602928711], [1.806590014148754, 5.631488798795832], [1.8023259998413446, 5.622110598398937], [1.798000087972981, 5.61270838943739], [1.7939292537162723, 5.60392166362573], [1.7901262811033698, 5.595693925073935], [1.786278099065897, 5.587449731914891], [1.7823961561194333, 5.579182376763416], [1.7786762174333157, 5.571285826763702], [1.774242836527777, 5.563755671637697], [1.7690425119477036, 5.5557330373251865], [1.7633389225343885, 5.54718953478579], [1.7581025753284516, 5.538991957115574], [1.752270005189133, 5.530259825433237], [1.7468936415503444, 5.521905873114807], [1.7409493071141364, 5.512871252516849], [1.7358958153168382, 5.504882852690859], [1.730217631452036, 5.496364493998332], [1.7244777977580847, 5.4878148372793625], [1.7063132245207848, 5.460863932179851], [1.6871099546665969, 5.434701006072206], [1.6687171664203229, 5.411291626426024], [1.6365352552498402, 5.372871351572318], [1.6041250322128358, 5.338550181272073], [1.54501908832441, 5.281886619659705], [1.5058344397808137, 5.243250706377072], [1.4488713871801915, 5.194765956285043], [1.3975830990935387, 5.148523927810235], [1.3718359880263629, 5.124648994910164], [1.337143819790584, 5.100174312623782], [1.3303285823317887, 5.0965075063562075], [1.32877497527494, 5.0959430787173154], [1.3189275810842114, 5.093945977363834], [1.3046690827582674, 5.093089816711942], [1.286670746875246, 5.094674855090776], [1.2150104964499073, 5.112005423374573], [1.1452733526353436, 5.140436336018244], [1.0824686909441548, 5.177428904540935], [1.0761556105103987, 5.180076087212289], [1.069565186870535, 5.1817426171313095], [1.0429486526523428, 5.1843595842058825], [0.9953684291218119, 5.18190580580114], [0.9220125830148058, 5.166987347153114], [0.8461115962241488, 5.139261322763847], [0.7641263386581736, 5.0945726844641435], [0.6868564790461855, 5.036019156423496], [0.6184463059876757, 4.966117414382385], [0.5615894763146239, 4.887793916014122], [0.5153516872201758, 4.80450474723904], [0.47449475213630965, 4.715977730897354], [0.4297881281350451, 4.629445205179142], [0.391620722261508, 4.540386895385669], [0.3589037699971991, 4.450364331451343], [0.3273481360052424, 4.357229734507488], [0.30907111301763823, 4.261886502352642], [0.3045911608610945, 4.175248908546852], [0.29575943447395137, 4.079169253555225], [0.29973806826143434, 3.9846387977871167], [0.31292958663522175, 3.8942637990388143], [0.33366471448658874, 3.8054041291746366], [0.3609072856020825, 3.718190337267803], [0.3871778185826438, 3.6329286868843305], [0.4115490309309857, 3.553162182417797], [0.43503366330384186, 3.4765613625916707], [0.45526759246109894, 3.4044697310003507], [0.47802399763583114, 3.337643201199459], [0.49954043807207515, 3.2723368059071767], [0.5215806636375087, 3.2004225875410306], [0.5357246195313232, 3.1381320792409646], [0.5431821845818954, 3.0921599256965386], [0.5457132988490807, 3.029560028311895], [0.5360846872322904, 2.9304229232641923], [0.5119116752289878, 2.8338091063472497], [0.4742206818305599, 2.7422065052363145], [0.42363515485755077, 2.656307830211805], [0.36961400498381725, 2.5726569208475816], [0.3217706120454418, 2.485081298944639], [0.2780076301538097, 2.3960297915312516], [0.23926731188527217, 2.304653017518209], [0.20448297624221912, 2.2116095784279572], [0.1730445883118259, 2.1177781361314523], [0.1430049891465055, 2.0234087768170106], [0.11532077182761302, 1.9305419239374864], [0.08959211026064029, 1.8375073137852418], [0.06650027994743457, 1.7438605862828958], [0.04642947938970199, 1.650760008690046], [0.02979439113966098, 1.5578603658053147], [0.01604290668598285, 1.4641382235261666], [0.005302834219549801, 1.3695890220972764], [-0.0030363417349112964, 1.2743219348761308], [-0.008781184081668947, 1.1781214091154801], [-0.010980419453914259, 1.0813900741907823], [-0.008310192136774752, 0.9845429944965112], [-6.632307798692949e-05, 0.8861477214071023], [0.01600774762897661, 0.7883743855330216], [0.04096066964535883, 0.6920357111069428], [0.07608249423771074, 0.5985858353945481], [0.1209473164167898, 0.5093811142417657]], "actions": [{"v": 0.0016946196556091309, "w": -1.499945878982544}, {"v": 0.0021577179431915283, "w": -1.4999425411224365}, {"v": 0.0040853917598724365, "w": -1.4998668432235718}, {"v": 0.0051215291023254395, "w": -1.4996614456176758}, {"v": 0.006340086460113525, "w": -1.4995503425598145}, {"v": 0.006061822175979614, "w": -1.4993829727172852}, {"v": 0.004543721675872803, "w": -1.4993482828140259}, {"v": 0.003918260335922241, "w": -1.4991575479507446}, {"v": 0.005760401487350464, "w": -1.4986193180084229}, {"v": 0.008188039064407349, "w": -1.4986649751663208}, {"v": 0.011651873588562012, "w": -1.4987397193908691}, {"v": 0.01855689287185669, "w": -1.4987640380859375}, {"v": 0.03284895420074463, "w": -1.4984740018844604}, {"v": 0.0526290237903595, "w": -1.4972865581512451}, {"v": 0.08120253682136536, "w": -1.495423436164856}, {"v": 0.1556287407875061,