{"episode": 29, "reward": 1166.2001757408689, "goal": true, "collisions": 0, "path": [[1.5275398170366854, 9.404118115373713], [1.5421795103490323, 9.305537792214018], [1.5441013115948037, 9.205666760274035], [1.534708129942973, 9.106157580681902], [1.5219621656021074, 9.007010678120714], [1.5102635163372353, 8.90773075289355], [1.500074648067911, 8.808288054832083], [1.4925143804891006, 8.708615774580103], [1.4875446420652763, 8.60879393137322], [1.4849708094285772, 8.508887591131788], [1.4850576120904035, 8.4089575803958], [1.48868210720926, 8.309115076728922], [1.4952931959657318, 8.209455328353506], [1.5043286649985559, 8.11003945983277], [1.5157508418439276, 8.010938102670771], [1.5277407063646562, 7.91195267654286], [1.5439258503271587, 7.813687624701124], [1.5631569071216829, 7.716104517050844], [1.5850558529151924, 7.619202861853701], [1.6083728155596502, 7.522801207669836], [1.6303703623367793, 7.425822334655386], [1.6546719881249912, 7.329472424753767], [1.6785185864670522, 7.232957290776831], [1.7029090250386245, 7.136582592793566], [1.7278076714380033, 7.040302152105433], [1.7531390997125156, 6.944161201187235], [1.7776921676947124, 6.847751574882132], [1.7995099673522956, 6.750527935393912], [1.8188479474289663, 6.652688617178065], [1.8343625093354232, 6.5541059917889655], [1.8465986527977831, 6.455015855201346], [1.8556224393202312, 6.355545403727156], [1.8614538285425253, 6.255804548331362], [1.8633465342233277, 6.155889490910631], [1.861979958159881, 6.055950353213412], [1.8576473007221095, 5.956083575554949], [1.850538034947621, 5.856365846761328], [1.8408118486646883, 5.756861517497164], [1.8288206430394522, 5.657599160739046], [1.8144385237489216, 5.558650838502508], [1.797819942260193, 5.460050421126944], [1.7790951375160686, 5.361826034554106], [1.7583840862159006, 5.263999263115984], [1.7360539902244083, 5.166527988680464], [1.7128275819365255, 5.0692654646121085], [1.6882678065691463, 4.972330386110407], [1.6623414308075182, 4.875751311250788], [1.6352306623254291, 4.779497796960932], [1.6076872013751737, 4.683366993733507], [1.5802858453486435, 4.587195376225573], [1.5540854335073702, 4.4906894660674155], [1.5277743842695228, 4.39421353704558], [1.5023849774394504, 4.297490844794375], [1.4789191056285373, 4.200283522077662], [1.458664091328191, 4.10235689795838], [1.4498131014649145, 4.002749862440687], [1.4523949246164731, 3.9027834630690634], [1.456405743515151, 3.8028640694104254]], "actions": [{"v": 0.9975859522819519, "w": -1.3226940631866455}, {"v": 0.9966143369674683, "w": -1.2818725109100342}, {"v": 0.9988951683044434, "w": -1.1335667371749878}, {"v": 0.9995152950286865, "w": -0.33738818764686584}, {"v": 0.9996283054351807, "w": 0.10561048239469528}, {"v": 0.9996680021286011, "w": 0.1519072949886322}, {"v": 0.9996330738067627, "w": 0.2639707922935486}, {"v": 0.9995859265327454, "w": 0.2596125304698944}, {"v": 0.9994547963142395, "w": 0.2398819923400879}, {"v": 0.9993948936462402, "w": 0.26625436544418335}, {"v": 0.999300479888916, "w": 0.3541755676269531}, {"v": 0.9990826845169067, "w": 0.2995331287384033}, {"v": 0.9987878203392029, "w": 0.24396958947181702}, {"v": 0.9982562065124512, "w": 0.24114549160003662}, {"v": 0.9975743293762207, "w": 0.05789129063487053}, {"v": 0.9970893859863281, "w": 0.42702993750572205}, {"v": 0.9958904981613159, "w": 0.31336814165115356}, {"v": 0.994600236415863, "w": 0.27677813172340393}, {"v": 0.9934532642364502, "w": 0.15057283639907837}, {"v": 0.9918144941329956, "w": -0.14261329174041748}, {"v": 0.9944241642951965, "w": 0.24015502631664276}, {"v": 0.9936736822128296, "w": -0.048444148153066635}, {"v": 0.994174599647522, "w": 0.056496962904930115}, {"v": 0.9941315650939941, "w": 0.05186726152896881}, {"v": 0.9944779872894287, "w": 0.045655764639377594}, {"v": 0.9942214488983154, "w": -0.0825367346405983}, {"v": 0.9948703050613403, "w": -0.2862200140953064}, {"v": 0.9964162111282349, "w": -0.2561592161655426}, {"v": 0.9973208904266357, "w": -0.390394002199173}, {"v": 0.9979597330093384, "w": -0.33232951164245605}, {"v": 0.99842768907547, "w": -0.32392367720603943}, {"v": 0.9987891912460327, "w": -0.32071685791015625}, {"v": 0.9991118311882019, "w": -0.39458054304122925}, {"v": 0.9993298053741455, "w": -0.3261415660381317}, {"v": 0.9994847774505615, "w": -0.2968398928642273}, {"v": 0.9996072053909302, "w": -0.27816271781921387}, {"v": 0.9997082948684692, "w": -0.26263323426246643}, {"v": 0.9997854828834534, "w": -0.2278369963169098}, {"v": 0.999840259552002, "w": -0.24118392169475555}, {"v": 0.9998807907104492, "w": -0.22636398673057556}, {"v": 0.9999109506607056, "w": -0.21397355198860168}, {"v": 0.9999324083328247, "w": -0.20258119702339172}, {"v": 0.999951183795929, "w": -0.16576991975307465}, {"v": 0.9999641180038452, "w": -0.09203307330608368}, {"v": 0.9999731779098511, "w": -0.13730266690254211}, {"v": 0.9999796152114868, "w": -0.14122499525547028}, {"v": 0.9999847412109375, "w": -0.1228342354297638}, {"v": 0.9999866485595703, "w": -0.04497655853629112}, {"v": 0.9999886751174927, "w": 0.014785723760724068}, {"v": 0.999990701675415, "w": 0.12466204166412354}, {"v": 0.9999926090240479, "w": -0.01146363839507103}, {"v": 0.9999938011169434, "w": 0.09541209042072296}, {"v": 0.9999950528144836, "w": 0.1983686089515686}, {"v": 0.9999955296516418, "w": 0.3290601670742035}, {"v": 0.9999944567680359, "w": 1.1533617973327637}, {"v": 0.9999950528144836, "w": 1.1444745063781738}, {"v": 0.9999973773956299, "w": 0.1429789960384369}, {"v": 0.9999985694885254, "w": 1.0574523210525513}]}