{"episode": 23, "reward": 1141.4401058048336, "goal": true, "collisions": 0, "path": [[6.5552608485244805, 9.416735711910873], [6.59793202978602, 9.326316941001563], [6.631571587445646, 9.232166129567771], [6.658816861259251, 9.13597945443645], [6.68212740709117, 9.038773860254436], [6.7026428396724755, 8.940955761292129], [6.7208695339881475, 8.842705677666812], [6.73825753693512, 8.74432258627668], [6.75719833773604, 8.646238322773128], [6.781411046432763, 8.549321326830535], [6.81298578371337, 8.4545803400065], [6.85021099288991, 8.361997823634296], [6.8927822916679675, 8.271848041036277], [6.939514747159987, 8.183877724626212], [6.988336431133061, 8.097180496373324], [7.039036428826361, 8.011649999239593], [7.09000064273408, 7.926296393790393], [7.14214626167944, 7.841615620472579], [7.197684718566447, 7.759104895808845], [7.2600740997963245, 7.681416477480083], [7.328871054845362, 7.609234187224059], [7.40235910405448, 7.541936348595767], [7.478031000392943, 7.477001729824691], [7.554347707229167, 7.412815067389159], [7.63188049037984, 7.350059244253783], [7.712436875598937, 7.291179961928277], [7.795314682918101, 7.235831804045587], [7.87998354275754, 7.183648358502536], [7.965108802812606, 7.132624551125913], [8.050912654297857, 7.08340059540525], [8.13535477806857, 7.0321311870898295], [8.217768742042093, 6.977644230642467], [8.296469753878622, 6.918682660379558], [8.37002808441451, 6.853973719694762], [8.436420260267763, 6.781316440024524], [8.494413322108297, 6.701114016988425], [8.542078534411697, 6.613883766749053], [8.578505555438309, 6.521382938542514], [8.603451896729378, 6.4253128351952125], [8.616369257951586, 6.326591263928561], [8.617381435274577, 6.227191823938041], [8.606016208804643, 6.130693774142413], [8.588590494743979, 6.041412475922256], [8.573382382668054, 5.959954086163192], [8.563173370822764, 5.878269027390628], [8.559500379874802, 5.797208297469764], [8.564549184325582, 5.715046327033191], [8.581772942948586, 5.633306037106662], [8.613981143492705, 5.546458567896037], [8.660532356161124, 5.461767110445647], [8.718249072242028, 5.38557592354074], [8.785084758806473, 5.319951448061614], [8.850551512944943, 5.272007502087503], [8.925110665071255, 5.23061477712646], [9.000523020434624, 5.1983736152137805], [9.065624286341912, 5.177572981857805], [9.124561556536204, 5.1644368138472725], [9.15742001767779, 5.1598318022984255], [9.187190464619047, 5.157831960528268], [9.224765601489192, 5.158187235497747], [9.259487311277038, 5.161918738183443], [9.291674054149038, 5.168486306701665]], "actions": [{"v": 0.9993349313735962, "w": -1.4499289989471436}, {"v": 0.9998191595077515, "w": -0.9778077602386475}, {"v": 0.9997997283935547, "w": -0.6713457107543945}, {"v": 0.9997090101242065, "w": -0.40661564469337463}, {"v": 0.9996153712272644, "w": -0.2862812280654907}, {"v": 0.9994629621505737, "w": -0.2330605834722519}, {"v": 0.9992642402648926, "w": -0.08496761322021484}, {"v": 0.9990782737731934, "w": 0.15828098356723785}, {"v": 0.9989633560180664, "w": 0.5405871868133545}, {"v": 0.9989573955535889, "w": 0.7687938809394836}, {"v": 0.9986400604248047, "w": 0.605972409248352}, {"v": 0.9978596568107605, "w": 0.5888984203338623}, {"v": 0.9969602823257446, "w": 0.4713355600833893}, {"v": 0.9961274862289429, "w": 0.2454865574836731}, {"v": 0.9949856996536255, "w": 0.2222021222114563}, {"v": 0.9942814111709595, "w": 0.03193731978535652}, {"v": 0.9941121339797974, "w": 0.13668565452098846}, {"v": 0.9944847226142883, "w": 0.40498024225234985}, {"v": 0.994612455368042, "w": 0.8416392803192139}, {"v": 0.9963896870613098, "w": 0.8477856516838074}, {"v": 0.9971611499786377, "w": 0.6794902086257935}, {"v": 0.9964683055877686, "w": 0.3227543532848358}, {"v": 0.9971328973770142, "w": 0.09903120994567871}, {"v": 0.9972044229507446, "w": 0.18826359510421753}, {"v": 0.9974781274795532, "w": 0.4928298592567444}, {"v": 0.9978026151657104, "w": 0.4236307740211487}, {"v": 0.9966017007827759, "w": 0.36470508575439453}, {"v": 0.9945816993713379, "w": 0.12360130250453949}, {"v": 0.9924584627151489, "w": 0.1913413256406784}, {"v": 0.9892066717147827, "w": -0.24821729958057404}, {"v": 0.9878777265548706, "w": -0.3850138485431671}, {"v": 0.9879721403121948, "w": -0.5881412625312805}, {"v": 0.9833776354789734, "w": -0.7850430607795715}, {"v": 0.9796976447105408, "w": -1.0894112586975098}, {"v": 0.9842256307601929, "w": -1.1432100534439087}, {"v": 0.9897284507751465, "w": -1.259528398513794}, {"v": 0.9940366744995117, "w": -1.2494606971740723}, {"v": 0.9941494464874268, "w": -1.2109482288360596}, {"v": 0.9925615191459656, "w": -1.2394983768463135}, {"v": 0.9956307411193848, "w": -1.1992465257644653}, {"v": 0.9940459728240967, "w": -1.2741925716400146}, {"v": 0.971650242805481, "w": -0.7551774978637695}, {"v": 0.9096595644950867, "w": 0.08181482553482056}, {"v": 0.828658938407898, "w": 0.6023747324943542}, {"v": 0.8232054710388184, "w": 0.7905483841896057}, {"v": 0.811439037322998, "w": 1.0665282011032104}, {"v": 0.823169469833374, "w": 1.463028907775879}, {"v": 0.8353521823883057, "w": 1.4746041297912598}, {"v": 0.9262747764587402, "w": 1.4744385480880737}, {"v": 0.9664190411567688, "w": 1.4572010040283203}, {"v": 0.9558408260345459, "w": 1.4624221324920654}, {"v": 0.9366738796234131, "w": 1.441516399383545}, {"v": 0.8114503622055054, "w": 1.253018856048584}, {"v": 0.8527851700782776, "w": 1.0278797149658203}, {"v": 0.8201533555984497, "w": 0.9475277066230774}, {"v": 0.6834354996681213, "w": 0.8996080160140991}, {"v": 0.6038345098495483, "w": 0.8005934953689575}, {"v": 0.3317958116531372, "w": 0.7216538786888123}, {"v": 0.2983753979206085, "w": 0.765294075012207}, {"v": 0.37576818466186523, "w": 0.976032018661499}, {"v": 0.34921643137931824, "w": 0.9422469735145569}, {"v": 0.3284994959831238, "w": 0.8954827785491943}]}