{"episode": 11, "reward": 1140.07499844074, "goal": true, "collisions": 0, "path": [[2.5737904616059506, 5.465901135615838], [2.664459952002927, 5.439541557021273], [2.7606746785701954, 5.426666884831918], [2.859604761785432, 5.428324408395981], [2.9579929493726933, 5.444852025746202], [3.0528804146112645, 5.47587989227364], [3.1420567341508114, 5.520683530284857], [3.2236183666052067, 5.578213892443871], [3.295856908744737, 5.64723066942284], [3.357031696325704, 5.72618818984816], [3.40585253465788, 5.813322588368153], [3.441429649329349, 5.906596578224396], [3.463746228104993, 6.003943576975559], [3.4812352534742796, 6.102218590243553], [3.5002706952752316, 6.200176782472824], [3.520869781112834, 6.297784655853008], [3.5430245444537842, 6.394980288608765], [3.566665544024273, 6.491798057718968], [3.5921583742262566, 6.588177114291882], [3.620267779416009, 6.683859422369694], [3.650382847374841, 6.77895202444384], [3.6825545736016476, 6.87338714258263], [3.7169548243643487, 6.96705651239941], [3.7537333861352646, 7.059865302904343], [3.7933844522000992, 7.151525646014904], [3.8359400116266453, 7.241887926622128], [3.8786304638148987, 7.332189514799809], [3.9227870375277245, 7.421781740649437], [3.9665119879306996, 7.511550351544117], [4.007987261599466, 7.602340049608444], [4.048028484767839, 7.693683675988411], [4.087045398390456, 7.785394489331936], [4.125648581272527, 7.8771888236839525], [4.163271666354104, 7.969247437580322], [4.200634327566787, 8.061276383264754], [4.238756798988744, 8.15291506008694], [4.2778659321727, 8.244017153545116], [4.319770754164621, 8.33372715072224], [4.365660381353065, 8.42106471167395], [4.4154330872358525, 8.505402519865726], [4.4695372961820805, 8.58665359721968], [4.529684592819377, 8.66285356090853], [4.59645359668748, 8.732374734743331], [4.670284052229091, 8.794421497299169], [4.751368631458446, 8.847892444147561], [4.8389158964516366, 8.891151170744394], [4.93240207884328, 8.92279093669245], [5.030292582547828, 8.940561357452367], [5.1301495254399025, 8.943559262235482], [5.229399097001716, 8.931608724673112], [5.32576791647689, 8.904983473275621], [5.417083185947105, 8.864303929065187], [5.501436282730266, 8.810834114705045], [5.577020157909557, 8.745693040345628], [5.641940076685115, 8.67046978071781], [5.69519849572198, 8.586372127090414], [5.73540543470399, 8.495041606281717], [5.7615001637847865, 8.39878222093435], [5.7729194237278545, 8.299705026005228], [5.769406396978139, 8.200032321070154], [5.751075027593016, 8.10218581304403], [5.718296764500975, 8.00807920590492], [5.671821704216837, 7.919912760411222], [5.612746635534405, 7.839742680345495], [5.542298318900704, 7.769234349285085], [5.462025167502999, 7.709972431217153], [5.3737446759721035, 7.663330507729967], [5.279455827631592, 7.630379514102657], [5.181282991625904, 7.611861019660552], [5.081418873824715, 7.608194367992525], [4.982123980381131, 7.6194615196760935], [4.885643908836483, 7.6453955192443175], [4.794137584128022, 7.685387918758039], [4.709643052973389, 7.738509660619144], [4.6339816694041485, 7.803535489397888], [4.568741792895436, 7.878970554130916], [4.5152512659212345, 7.962977407532577], [4.474702263333439, 8.05296324010456], [4.447467342101573, 8.14564643617237], [4.433180352755427, 8.235940357702617], [4.429415957619041, 8.317291697519664], [4.433165130753606, 8.384580297428016], [4.441580629524379, 8.440229842471723], [4.458573796403199, 8.507188165592794], [4.482377684291988, 8.57142618488038], [4.516427973833471, 8.64104282300437], [4.560765209224611, 8.713546590911989], [4.612390945282369, 8.784627439486627], [4.668601004954963, 8.852386394548063], [4.729715312447935, 8.919771501826887], [4.791832155164867, 8.986993068861608], [4.854304628994852, 9.055177958714609], [4.91649119424501, 9.12286659519637], [4.979505522724777, 9.189396867560987], [5.04663112628141, 9.254366600918416], [5.116284510668903, 9.314910357850437], [5.191097660538345, 9.3707494568404]], "actions": [{"v": 0.812881588935852, "w": 1.4995098114013672}, {"v": 0.9442342519760132, "w": 1.4990122318267822}, {"v": 0.9707229733467102, "w": 1.4977458715438843}, {"v": 0.9894396662712097, "w": 1.4967697858810425}, {"v": 0.9976670742034912, "w": 1.4960668087005615}, {"v": 0.9983165264129639, "w": 1.495422124862671}, {"v": 0.9979870319366455, "w": 1.4873583316802979}, {"v": 0.9981002807617188, "w": 1.4827934503555298}, {"v": 0.9990856647491455, "w": 1.490290641784668}, {"v": 0.9988315105438232, "w": 1.4846155643463135}, {"v": 0.9987931251525879, "w": 1.4631943702697754}, {"v": 0.9982869625091553, "w": 1.3903858661651611}, {"v": 0.9987225532531738, "w": 0.4923750162124634}, {"v": 0.9981905221939087, "w": -0.15813805162906647}, {"v": 0.9979055523872375, "w": -0.16057147085666656}, {"v": 0.9975780248641968, "w": -0.16123659908771515}, {"v": 0.9968863725662231, "w": -0.15383048355579376}, {"v": 0.996623158454895, "w": -0.19090014696121216}, {"v": 0.9969356060028076, "w": -0.27155324816703796}, {"v": 0.9972583651542664, "w": -0.2096015214920044}, {"v": 0.9974727630615234, "w": -0.21644476056098938}, {"v": 0.997647762298584, "w": -0.23616620898246765}, {"v": 0.9978640675544739, "w": -0.2533758580684662}, {"v": 0.9983052611351013, "w": -0.3098120093345642}, {"v": 0.9986903667449951, "w": -0.3185440003871918}, {"v": 0.9988151788711548, "w": -0.014807559549808502}, {"v": 0.9988418817520142, "w": -0.16306304931640625}, {"v": 0.9988278150558472, "w": 0.046581681817770004}, {"v": 0.9985126256942749, "w": 0.24744850397109985}, {"v": 0.998146653175354, "w": 0.15387116372585297}, {"v": 0.9973443746566772, "w": 0.1089213639497757}, {"v": 0.9966540336608887, "w": 0.041514717042446136}, {"v": 0.9958114624023438, "w": 0.10114926099777222}, {"v": 0.9944990873336792, "w": 0.02314123511314392}, {"v": 0.9932419061660767, "w": -0.0857231542468071}, {"v": 0.9925204515457153, "w": -0.11267679929733276}, {"v": 0.9914189577102661, "w": -0.31496763229370117}, {"v": 0.9901463389396667, "w": -0.46788138151168823}, {"v": 0.9865955114364624, "w": -0.49369263648986816}, {"v": 0.979295015335083, "w": -0.5431224703788757}, {"v": 0.9761661291122437, "w": -0.8073980808258057}, {"v": 0.9707796573638916, "w": -0.970034658908844}, {"v": 0.9639135599136353, "w": -1.06697416305542}, {"v": 0.9644032716751099, "w": -1.1590406894683838}, {"v": 0.9712801575660706, "w": -1.240559458732605}, {"v": 0.9765162467956543, "w": -1.325890302658081}, {"v": 0.9869518876075745, "w": -1.4676433801651}, {"v": 0.9949039220809937, "w": -1.4956508874893188}, {"v": 0.9990193843841553, "w": -1.4984502792358398}, {"v": 0.9996646046638489, "w": -1.4972835779190063}, {"v": 0.9997926354408264, "w": -1.49532151222229}, {"v": 0.9996651411056519, "w": -1.4586750268936157}, {"v": 0.9987224340438843, "w": -1.4636664390563965}, {"v": 0.9978116750717163, "w": -1.4745945930480957}, {"v": 0.993636429309845, "w": -1.4746980667114258}, {"v": 0.9954333305358887, "w": -1.498361587524414}, {"v": 0.997890830039978, "w": -1.4997888803482056}, {"v": 0.9973366260528564, "w": -1.4997544288635254}, {"v": 0.9973309636116028, "w": -1.4998087882995605}, {"v": 0.9973459243774414, "w": -1.4997026920318604}, {"v": 0.9954887628555298, "w": -1.499671220779419}, {"v": 0.9965173006057739, "w": -1.4994585514068604}, {"v": 0.9966570734977722, "w": -1.4993168115615845}, {"v": 0.9958466291427612, "w": -1.4992635250091553}, {"v": 0.9967141151428223, "w": -1.4988327026367188}, {"v": 0.997785210609436, "w": -1.4988064765930176}, {"v": 0.9984444379806519, "w": -1.4985883235931396}, {"v": 0.9988070726394653, "w": -1.497605562210083}, {"v": 0.9990415573120117, "w": -1.497408151626587}, {"v": 0.99931401014328, "w": -1.4968829154968262}, {"v": 0.9993209838867188, "w": -1.4960613250732422}, {"v": 0.9990484118461609, "w": -1.4943398237228394}, {"v": 0.9986390471458435, "w": -1.4922726154327393}, {"v": 0.9980603456497192, "w": -1.4868879318237305}, {"v": 0.9976474046707153, "w": -1.4780040979385376}, {"v": 0.997330904006958,