{"episode": 6, "reward": 1118.8328235691713, "goal": true, "collisions": 0, "path": [[9.411512249730333, 3.4554700815570007], [9.31770092400144, 3.424662931029166], [9.22070471348594, 3.4081486334544073], [9.122185142360433, 3.406163937783281], [9.024889671824678, 3.4186869872719448], [8.930321516118749, 3.445470839178602], [8.840770164154275, 3.4858175436020296], [8.758190268300279, 3.538665305262844], [8.684142144046529, 3.6028941901386182], [8.620010332785352, 3.6770714329541128], [8.566636433474525, 3.7595417680204313], [8.525144135229095, 3.8480586143196027], [8.49557604605685, 3.9409816073239248], [8.478076606638535, 4.0357932331026], [8.471715222693785, 4.130032199806015], [8.474655173368557, 4.2232318254173205], [8.485461202099724, 4.312752510792057], [8.500255675636037, 4.39969443846349], [8.516826988778814, 4.486381221002381], [8.53483986819516, 4.5724803315461084], [8.553108704857333, 4.656586478835385], [8.570262375868662, 4.740300487166683], [8.585726334363027, 4.823975260740559], [8.598951156832083, 4.907760459369461], [8.609702124841316, 4.9938643680870936], [8.618590141296192, 5.0796822192132876], [8.625437358975216, 5.166124116069119], [8.630748047608687, 5.253477874583046], [8.63477375742401, 5.340329277700226], [8.637215699184491, 5.429888855105679], [8.639931094482346, 5.519186909681599], [8.640837639685525, 5.560919183677475], [8.633346743996992, 5.621733076310198], [8.611194625612153, 5.702798664009611], [8.574537932988061, 5.786871745622198], [8.524545330669536, 5.867269753849547], [8.462154418345346, 5.941217056846659], [8.388825453933134, 6.006317659652273], [8.306022212024583, 6.060901633834879], [8.215933457132234, 6.103517241215746], [8.120806321617021, 6.13377756010596], [8.022688627358331, 6.15250655207638], [7.923147551830663, 6.161165990306477], [7.823223777230634, 6.162061054921656], [7.723351255174531, 6.158429978611826], [7.6236125977000135, 6.151944867997377], [7.524100132401838, 6.142469398408144], [7.424912080284013, 6.129941440849512], [7.3259447143634695, 6.115699982001393], [7.227351583655729, 6.099031716315954], [7.128987066563024, 6.0810452343066626], [7.030987493809118, 6.061158748074382], [6.933264553662195, 6.039951592414587], [6.835680544491662, 6.018111670120566], [6.73790743958558, 5.997132446347683], [6.639900110777273, 5.977274577795475], [6.541683793183221, 5.9584761929800205], [6.443322785313978, 5.940449127658217], [6.344858951981916, 5.922991657360404], [6.246327497180356, 5.905919275908678], [6.147831924374952, 5.888640539451449], [6.049485482390775, 5.870531910761207], [5.951421134289159, 5.850952846660226], [5.853845723088636, 5.8290666711618595], [5.757066272314443, 5.80389311137697]], "actions": [{"v": 0.9906056523323059, "w": -1.489309310913086}, {"v": 0.9874029159545898, "w": -1.4865920543670654}, {"v": 0.9839200973510742, "w": -1.4849759340286255}, {"v": 0.9853955507278442, "w": -1.4815030097961426}, {"v": 0.9809808731079102, "w": -1.479870080947876}, {"v": 0.9828789234161377, "w": -1.4731053113937378}, {"v": 0.9822067618370056, "w": -1.4597913026809692}, {"v": 0.9804246425628662, "w": -1.4522136449813843}, {"v": 0.9802282452583313, "w": -1.4339543581008911}, {"v": 0.9805687665939331, "w": -1.3849852085113525}, {"v": 0.9823507070541382, "w": -1.360599398612976}, {"v": 0.9775910377502441, "w": -1.3026750087738037}, {"v": 0.9751386642456055, "w": -1.2555246353149414}, {"v": 0.9641304016113281, "w": -1.151163101196289}, {"v": 0.9445343017578125, "w": -0.9893448352813721}, {"v": 0.932459831237793, "w": -0.8859461545944214}, {"v": 0.9017052054405212, "w": -0.4842194616794586}, {"v": 0.8819169998168945, "w": -0.20333576202392578}, {"v": 0.8825648427009583, "w": -0.17352266609668732}, {"v": 0.8796318173408508, "w": -0.07652794569730759}, {"v": 0.8606738448143005, "w": 0.11778807640075684}, {"v": 0.8545340299606323, "w": 0.1936177909374237}, {"v": 0.8509172201156616, "w": 0.2619800567626953}, {"v": 0.8482248783111572, "w": 0.3233279883861542}, {"v": 0.8677250146865845, "w": 0.21017177402973175}, {"v": 0.8627687692642212, "w": 0.24153828620910645}, {"v": 0.8671265840530396, "w": 0.18326303362846375}, {"v": 0.8751504421234131, "w": 0.144020214676857}, {"v": 0.8694465160369873, "w": 0.1905912160873413}, {"v": 0.8959286212921143, "w": -0.031394124031066895}, {"v": 0.8933932781219482, "w": 0.08679478615522385}, {"v": 0.4174211621284485, "w": 1.442794680595398}, {"v": 0.6127350926399231, "w": 1.441895842552185}, {"v": 0.8403776288032532, "w": 1.4440951347351074}, {"v": 0.9171693325042725, "w": 1.4514610767364502}, {"v": 0.9467364549636841, "w": 1.4453282356262207}, {"v": 0.9675137996673584, "w": 1.4393128156661987}, {"v": 0.9805725812911987, "w": 1.4321119785308838}, {"v": 0.9917553663253784, "w": 1.409682035446167}, {"v": 0.9965978860855103, "w": 1.338660717010498}, {"v": 0.9982414245605469, "w": 1.193679928779602}, {"v": 0.9988921880722046, "w": 1.0183887481689453}, {"v": 0.9991702437400818, "w": 0.7781788110733032}, {"v": 0.9992778301239014, "w": 0.45298337936401367}, {"v": 0.9993850588798523, "w": 0.2858855426311493}, {"v": 0.9994927048683167, "w": 0.30002981424331665}, {"v": 0.9996256828308105, "w": 0.30707111954689026}, {"v": 0.9997608661651611, "w": 0.17279726266860962}, {"v": 0.9998679161071777, "w": 0.24558061361312866}, {"v": 0.9999217987060547, "w": 0.1337984949350357}, {"v": 0.9999545812606812, "w": 0.19348326325416565}, {"v": 0.9999694228172302, "w": 0.13493779301643372}, {"v": 0.9999758005142212, "w": 0.06478552520275116}, {"v": 0.9999810457229614, "w": -0.08812440186738968}, {"v": 0.99998539686203, "w": -0.11455707997083664}, {"v": 0.9999885559082031, "w": -0.10799089819192886}, {"v": 0.9999911785125732, "w": -0.07847686856985092}, {"v": 0.999993085861206, "w": -0.05788131058216095}, {"v": 0.9999945163726807, "w": -0.03909910097718239}, {"v": 0.9999957084655762, "w": 0.020945696160197258}, {"v": 0.9999966025352478, "w": 0.08432003855705261}, {"v": 0.9999972581863403, "w": 0.149727463722229}, {"v": 0.9999977350234985, "w": 0.23584185540676117}, {"v": 0.9999982118606567, "w": 0.33825498819351196}, {"v": 0.9999984502792358, "w": 0.4655892252922058}]}