{"episode": 18, "reward": 1194.0901872753052, "goal": true, "collisions": 0, "path": [[0.4992497435347498, 4.500528906861217], [0.4986475107185864, 4.50110593488709], [0.49819894123779096, 4.501687755440725], [0.4979327468069126, 4.502167225185912], [0.4977954020329374, 4.5025356387304045], [0.49774612569003085, 4.502770435352358], [0.49772882901983695, 4.503074084783219], [0.49776544793225486, 4.503466605496141], [0.4978461930392253, 4.503792467843522], [0.49799826630136823, 4.504159560627085], [0.49818116194605255, 4.5044629084549515], [0.4987419362975227, 4.505139048353084], [0.5003515610102507, 4.506575390954748], [0.5052545906607004, 4.509779385782093], [0.5317366940531822, 4.5219037966125315], [0.6132871208343598, 4.545381648957044], [0.7098628578338715, 4.558247865668744], [0.8092224223170372, 4.557153645462603], [0.9081964639577957, 4.543911394222886], [1.0073115897927376, 4.532393510944456], [1.1065114436302277, 4.522017515755505], [1.2058160898838135, 4.513611000522286], [1.305138930455217, 4.507181223041624], [1.4042515528950783, 4.502318697541267], [1.5030537021908852, 4.499171286613927], [1.6013858018074127, 4.496763287137509], [1.6987981570515724, 4.494677036327556], [1.7958464545760247, 4.4914428792216485], [1.8924321381006333, 4.487061964373351], [1.9887163711342903, 4.481414320438415], [2.085182554796705, 4.473910699623883], [2.181071579233179, 4.464822838108302], [2.2776501102004145, 4.451085552598596], [2.374076589718828, 4.436443758222521], [2.470659218505392, 4.419753207850516], [2.567012749389181, 4.402949974897564], [2.6633802799139117, 4.383861693579019], [2.7594249022755717, 4.3602657122791415], [2.8554539678249453, 4.338136068570674], [2.9510760156068896, 4.313265488508404], [3.046446099654207, 4.286841523858965], [3.141363680139551, 4.258477973777116], [3.235666990057001, 4.227799658688963], [3.3296817091856097, 4.196358480516136], [3.423084586635599, 4.162924521628082], [3.515868119672308, 4.128351838353336], [3.60691025830842, 4.089443692031563], [3.6959273067865466, 4.0452398555607205], [3.784976944104204, 4.001167812410057], [3.873403705433378, 3.9559912057847386], [3.9598738027367686, 3.9069220582277184], [4.043845474496851, 3.8535042898983365], [4.126400746181974, 3.7979710484177476], [4.2085360584411715, 3.742183097663582], [4.286581240371237, 3.6806504810482865], [4.363018408194551, 3.617031321886242], [4.437188915685186, 3.550620318415821], [4.510350040868292, 3.4831953728825455], [4.581246793046961, 3.4130993047983056], [4.650946981981764, 3.341729641917408], [4.717886999026308, 3.267699041429222], [4.783435739353666, 3.192387149694622], [4.846583366170893, 3.115025610688389], [4.907840501293907, 3.036104769471348], [4.965827028975258, 2.9547461355358964], [5.023246057108412, 2.8729816535741692], [5.080366976336012, 2.791003250542343], [5.135059613511333, 2.707359523537815], [5.187397092357645, 2.6221930021674043], [5.238786894604931, 2.5364374527961617], [5.290206111744413, 2.4506912688047295], [5.341866142824659, 2.3650844926268464], [5.3928402250263785, 2.2790652150542146], [5.439894463643799, 2.1908372203142052], [5.486852250770101, 2.1025555366904145], [5.533824372813473, 2.0142804915339356], [5.579544152841339, 1.9253494078547364], [5.62445893116332, 1.8360081846148377], [5.668044570610294, 1.7460095370442277], [5.711353540197382, 1.655876592758358], [5.753898814097414, 1.5653800601393586], [5.796663727388153, 1.4749868223697549], [5.841922856644163, 1.3858162025243645], [5.889704882875452, 1.2979714805514222], [5.939248438701401, 1.211108104351223], [5.991601254567871, 1.1259086067110902], [6.04470507033206, 1.0411750236780053], [6.10010215245224, 0.9579228097826844], [6.157137080803881, 0.875784100058735], [6.213791321739921, 0.7933824816972619], [6.270479060486326, 0.7110043773681527]], "actions": [{"v": 0.009179472923278809, "w": -1.4997544288635254}, {"v": 0.008340537548065186, "w": -1.4997738599777222}, {"v": 0.007346630096435547, "w": -1.4997546672821045}, {"v": 0.005484074354171753, "w": -1.4997429847717285}, {"v": 0.003931820392608643, "w": -1.4997503757476807}, {"v": 0.0023991167545318604, "w": -1.4996477365493774}, {"v": 0.0030414164066314697, "w": -1.4992350339889526}, {"v": 0.003942251205444336, "w": -1.4987423419952393}, {"v": 0.0033571720123291016, "w": -1.4984534978866577}, {"v": 0.003973454236984253, "w": -1.498246669769287}, {"v": 0.003542184829711914, "w": -1.4983168840408325}, {"v": 0.008784264326095581, "w": -1.498276710510254}, {"v": 0.02157306671142578, "w": -1.4975782632827759}, {"v": 0.05857071280479431, "w": -1.4946281909942627}, {"v": 0.2912564277648926, "w": -1.490362524986267}, {"v": 0.8486272096633911, "w": -1.478691816329956}, {"v": 0.974290132522583, "w": -1.4345649480819702}, {"v": 0.9936559200286865, "w": -1.2199301719665527}, {"v": 0.998559832572937, "w": 0.1731707900762558}, {"v": 0.9978210926055908, "w": 0.11470299959182739}, {"v": 0.997410237789154, "w": 0.1976548135280609}, {"v": 0.9965983629226685, "w": 0.19806508719921112}, {"v": 0.995307445526123, "w": 0.15624625980854034}, {"v": 0.9923182725906372, "w": 0.17176377773284912}, {"v": 0.9885226488113403, "w": 0.07361384481191635}, {"v": 0.9836158156394958, "w": 0.030701182782649994}, {"v": 0.9743468761444092, "w": -0.1189948320388794}, {"v": 0.9710216522216797, "w": -0.12013835459947586}, {"v": 0.9668499231338501, "w": -0.1326209008693695}, {"v": 0.9644972085952759, "w": -0.19039839506149292}, {"v": 0.9675757884979248, "w": -0.16863864660263062}, {"v": 0.9631870985031128, "w": -0.4679919183254242}, {"v": 0.9755063056945801, "w": -0.09401276707649231}, {"v": 0.9753177762031555, "w": -0.20428010821342468}, {"v": 0.9801417589187622, "w": -0.015340907499194145}, {"v": 0.9780772924423218, "w": -0.2289164662361145}, {"v": 0.9823982119560242, "w": -0.4535936117172241}, {"v": 0.989006519317627, "w": 0.14412905275821686}, {"v": 0.9854593873023987, "w": -0.2796148955821991}, {"v": 0.9880344867706299, "w": -0.1583276093006134}, {"v": 0.9896302223205566, "w": -0.20089124143123627}, {"v": 0.9906481504440308, "w": -0.2414049506187439}, {"v": 0.9916790723800659, "w": -0.0821855366230011}, {"v": 0.9913281202316284, "w": -0.21007749438285828}, {"v": 0.9920648336410522, "w": -0.12936043739318848}, {"v": 0.9901542663574219, "w": -0.47191938757896423}, {"v": 0.99007648229599, "w": -0.5703426003456116}, {"v": 0.9938819408416748, "w": 0.013338888064026833}, {"v": 0.9935885667800903, "w": -0.12752151489257812}, {"v": 0.9929863214492798, "w": -0.4383264183998108}, {"v": 0.9942262768745422, "w": -0.5041372776031494}, {"v": 0.9952235221862793, "w": -0.2558358609676361}, {"v": 0.994952917098999, "w": -0.044893305748701096}, {"v": 0.992900013923645, "w": -0.7099866271018982}, {"v": 0.9938467741012573, "w": -0.26490283012390137}, {"v": 0.9944866895675659, "w": -0.36126264929771423}, {"v": 0.9955744743347168, "w": -0.14360472559928894}, {"v": 0.9949207305908203, "w": -0.35100534558296204}, {"v": 0.9969858527183533, "w": -0.1751263290643692}, {"v": 0.9975842833518982, "w": -0.38422173261642456}, {"v": 0.9980729222297668, "w": -0.18943992257118225}, {"v": 0.9984246492385864, "w": -0.3161707818508148}, {"v": 0.9986205101013184, "w": -0.24531452357769012}, {"v": 0.9990463256835938, "w": -0.40832793712615967}, {"v": 0.9990828037261963, "w": -0.06983079016208649}, {"v": 0.9991183876991272, "w": -0.036720432341098785}, {"v": 0.9991625547409058, "w": -0.294664204120636}, {"v": 0.9993776679039001, "w": -0.2805960178375244}, {"v": 0.9996273517608643, "w": -0.11161097884178162}, {"v": 0.9997462630271912, "w": 0.003005578648298979}, {"v": 0.9998171329498291, "w": 0.027825340628623962}, {"v": 0.9998639822006226, "w": -0.0800524652004242}, {"v": 0.9998836517333984, "w": -0.45001325011253357}, {"v": 0.9999139904975891, "w": -0.01103719137609005}, {"v": 0.9999344348907471, "w": 0.0015772166661918163}, {"v": 0.999943196773529, "w": -0.1413857340812683}, {"v": 0.9999518394470215, "w": -0.09034952521324158}, {"v": 0.9999595880508423,