{"episode": 28, "reward": 1243.198595997713, "goal": true, "collisions": 0, "path": [[0.503418774163209, 8.400330622500752], [0.5216937165761815, 8.302193631238316], [0.5544449415112362, 8.207797524339531], [0.6009440857971535, 8.119296622282837], [0.6601395744884835, 8.038722951716755], [0.7306824836934434, 7.9678763046926], [0.8108918655718194, 7.908381284034823], [0.8989414040053711, 7.861098141229723], [0.9924792040193902, 7.8258358396655066], [1.0900581914986, 7.804015124968265], [1.1897474441731797, 7.796595587681059], [1.2882053393925057, 7.802212740114902], [1.3876124609316216, 7.794434432226245], [1.486446558317028, 7.7828077350808424], [1.584145231922947, 7.768079469266359], [1.6812589604462014, 7.75099157198054], [1.7781021211350785, 7.733182655933325], [1.872820152720295, 7.708227655204956], [1.9668311763609276, 7.681452364015405], [2.0605479095185624, 7.655049151095573], [2.1516452048028336, 7.6280263423053665], [2.2449950564707146, 7.592921139958326], [2.339153258880459, 7.571129393118445], [2.43342625238546, 7.546390136989777], [2.525247654696785, 7.521882867726509], [2.6180047456229554, 7.488043168845598], [2.711245341976963, 7.456496348890488], [2.8044050399268494, 7.424192814442341], [2.895461073895775, 7.389231296542112], [2.9831522394026146, 7.343040852162067], [3.0647175449932442, 7.286901621433918], [3.1383389893973694, 7.2205531432358665], [3.203648446878277, 7.1455143376318855], [3.2631992686594353, 7.065462438675587], [3.329158386966072, 6.9909611775605125], [3.3966305691803322, 6.918023808213894], [3.463988280674301, 6.844702801021759], [3.536349638184391, 6.776314204844658], [3.6145772922838555, 6.714846113982622], [3.6975721631253586, 6.662053266826097], [3.777677579602085, 6.603727845761005], [3.860093562682949, 6.5486946313707275], [3.9441824991310463, 6.496178230556671], [4.026043630024277, 6.440916022571747], [4.103531933208786, 6.378284773143951], [4.186541675409161, 6.323943088117067], [4.268532416602455, 6.267388912203733], [4.354659630736195, 6.217499392393057], [4.440128407260262, 6.16645744285268], [4.5254532460177765, 6.115237025829975], [4.609696595748745, 6.062558492931549], [4.688252209504925, 6.001184912684385], [4.7697043333257065, 5.943894451770012], [4.8512150485123025, 5.886729376676504], [4.93278556950935, 5.82958743936104], [5.013378790398918, 5.770901600184862], [5.093672013660751, 5.712255386921589], [5.169546521087967, 5.647596253368084], [5.246736301859699, 5.584416633757774], [5.323737106105171, 5.520946866187279], [5.400208837171875, 5.456728799554531], [5.477095908304535, 5.3929585351674], [5.55340938903936, 5.32846022239608], [5.62920656689056, 5.263305856200878], [5.705026320000969, 5.198159983667557], [5.780868864437424, 5.133028080972855], [5.856053723772846, 5.067128924938862], [5.929759478947006, 4.99956972739381], [6.002617805084072, 4.931092074426834], [6.074029809614502, 4.861102981778805], [6.143939903756462, 4.789610436472122], [6.212380035599552, 4.71670734724683], [6.2797417331541405, 4.6428050755588455], [6.34622298814901, 4.568108348461811], [6.411608054121815, 4.492449438485329], [6.4762947324717866, 4.416191673192207], [6.540497436007343, 4.339525630983536], [6.604263177892052, 4.2624955161539955], [6.667355484148346, 4.1849124937383575], [6.729772551735722, 4.106784371945087], [6.791761467983805, 4.028315997037117], [6.8536416765356885, 3.9497617616383476], [6.916000856837116, 3.871587200376217], [6.976156989863001, 3.7917049734918518], [7.035716689010941, 3.7113770752279205], [7.096742636343323, 3.6321573018161697], [7.160093872627102, 3.554784370872204]], "actions": [{"v": 0.997279942035675, "w": 1.498222827911377}, {"v": 0.99824059009552, "w": 1.4984990358352661}, {"v": 0.999163031578064, "w": 1.4980757236480713}, {"v": 0.9997289180755615, "w": 1.4985363483428955}, {"v": 0.999811053276062, "w": 1.4962890148162842}, {"v": 0.9997774362564087, "w": 1.493485450744629}, {"v": 0.9986591935157776, "w": 1.4538540840148926}, {"v": 0.9994206428527832, "w": 1.3230301141738892}, {"v": 0.9996374249458313, "w": 1.405078649520874}, {"v": 0.9998900890350342, "w": 1.4571185111999512}, {"v": 0.9996497631072998, "w": 1.3127920627593994}, {"v": 0.9861800074577332, "w": -1.3507741689682007}, {"v": 0.9971096515655518, "w": -0.39012444019317627}, {"v": 0.9951561689376831, "w": -0.3252495527267456}, {"v": 0.9880259037017822, "w": -0.24549342691898346}, {"v": 0.9860564470291138, "w": -0.07687917351722717}, {"v": 0.9846702814102173, "w": -0.7574949860572815}, {"v": 0.9795027375221252, "w": -0.19851469993591309}, {"v": 0.9774962067604065, "w": 0.028473760932683945}, {"v": 0.9736505746841431, "w": -0.13752280175685883}, {"v": 0.9502078890800476, "w": -0.7133172750473022}, {"v": 0.9973249435424805, "w": 1.3226685523986816}, {"v": 0.9664702415466309, "w": -0.2920154333114624}, {"v": 0.9746500253677368, "w": -0.041867535561323166}, {"v": 0.9503566026687622, "w": -0.8899494409561157}, {"v": 0.9873703718185425, "w": 0.23568707704544067}, {"v": 0.9843276739120483, "w": -0.0753263384103775}, {"v": 0.9860146045684814, "w": -0.32818952202796936}, {"v": 0.9753721356391907, "w": -1.1821064949035645}, {"v": 0.9911254644393921, "w": -1.180022954940796}, {"v": 0.9901773929595947, "w": -1.3067163228988647}, {"v": 0.9910719394683838, "w": -1.2112635374069214}, {"v": 0.9947937726974487, "w": -0.7659857869148254}, {"v": 0.9977277517318726, "w": 0.8507020473480225}, {"v": 0.9950398206710815, "w": 0.21837083995342255}, {"v": 0.9935972690582275, "w": -0.03460634499788284}, {"v": 0.9956420660018921, "w": 0.7058233618736267}, {"v": 0.9956488609313965, "w": 0.911829948425293}, {"v": 0.9948815107345581, "w": 0.9945711493492126}, {"v": 0.9836276769638062, "w": -0.628027081489563}, {"v": 0.99089515209198, "w": 0.4059089720249176}, {"v": 0.9910119771957397, "w": 0.30487555265426636}, {"v": 0.991409182548523, "w": -0.3553541302680969}, {"v": 0.9876818656921387, "w": -0.8596199750900269}, {"v": 0.9963488578796387, "w": 1.0012985467910767}, {"v": 0.9921510219573975, "w": -0.24190588295459747}, {"v": 0.9960349798202515, "w": 0.7879703044891357}, {"v": 0.9953321218490601, "w": -0.13332779705524445}, {"v": 0.9954994916915894, "w": -0.022812675684690475}, {"v": 0.9951813220977783, "w": -0.1818561553955078}, {"v": 0.9935778379440308, "w": -1.043939232826233}, {"v": 0.9968801736831665, "w": 0.5023897290229797}, {"v": 0.9958235025405884, "w": 0.013687726110219955}, {"v": 0.9955823421478271, "w": 0.005349989514797926}, {"v": 0.9959392547607422, "w": -0.18309082090854645}, {"v": 0.9969600439071655, "w": -0.014538469724357128}, {"v": 0.9943027496337891, "w": -0.7492229342460632}, {"v": 0.9968823194503784, "w": 0.198429137468338}, {"v": 0.9974931478500366, "w": -0.03449598699808121}, {"v": 0.9978744983673096, "w": -0.09152358025312424}, {"v": 0.9985932111740112, "w": 0.06106935068964958}, {"v": 0.9989128708839417, "w": -0.09273261576890945}, {"v": 0.9991886019706726, "w": -0.08347530663013458}, {"v": 0.9995150566101074, "w": 0.0021161609329283237}, {"v": 0.9996309876441956, "w": 0.002545671071857214}, {"v": 0.9997127652168274, "w": -0.10107968747615814}, {"v": 0.9997730255126953, "w": -0.2223864644765854}, {"v": 0.9998391270637512, "w": -0.12498631328344345}, {"v": 0.9998762607574463, "w": -0.20922157168388367}, {"v": 0.999907374382019, "w": -0.2125331461429596}, {"v": 0.9999302625656128, "w": -0.20374146103858948}, {"v": 0.9999455213546753, "w": -0.1470256745815277}, {"v": 0.9999572038650513, "w": -0.11859376728534698}, {"v": 0.9999679327011108, "w": -0.14586241543293}, {"v": 0.9999738335609436, "w": -0.09200100600719452}, {"v": 0.9999806880950928, "w": -0.06331980228424072}, {"v": 0.9999834299087524, "w": -0.05687588453292847}, {"v": 0.9999853372573853, "w": -0.08713546395301819}, {"v": 0.9999881982803345, "w": -0.0867810845375061}, {"v": 0.9999946355819702, "w": -0.05468987300992012}, {"v": 0.9999955892562866, "w": -0.013852600939571857}, {"v": 0.9999964237213135, "w": 0.06112040579319}, {"v": 0.9999964237213135,