{"episode": 1, "reward": 993.0714621591009, "goal": true, "collisions": 0, "path": [[1.5996590167874567, 6.491959414464123], [1.6989500284785501, 6.480255304854996], [1.7978835166091196, 6.466060116906352], [1.8971510515207521, 6.456355039980895], [1.9967328817242853, 6.457084323007781], [2.087383201777386, 6.467960450526494], [2.1775673092002146, 6.4927303732449], [2.2659113690847628, 6.531800185989756], [2.349478101789402, 6.584726245802063], [2.424597947358536, 6.649672144752163], [2.4895377889866106, 6.725044356387276], [2.5425850287670366, 6.809135267239231], [2.582721041947054, 6.900248149138111], [2.6089291632766, 6.995886118810791], [2.6212074267337195, 7.094284692507404], [2.6194804585198037, 7.194066868823189], [2.6040174499744646, 7.292830461364407], [2.575034652336883, 7.388527588647026], [2.5347072970712654, 7.480031000178474], [2.4858613242054455, 7.567283788424152], [2.4853082886207014, 7.568040429633744], [2.484726996592628, 7.569153688867278], [2.484274933808167, 7.570467989561781], [2.4840648087797783, 7.571613698052875], [2.4840399652062226, 7.572400206311773], [2.484178401737638, 7.573566156633365], [2.484489059429081, 7.574697282359171], [2.4851607377100047, 7.576210219839755], [2.4863115181838404, 7.578014417046848], [2.4875454231555816, 7.57942764398938], [2.489004430190591, 7.580664196827616], [2.4897881019901726, 7.581148055983409], [2.490397288642755, 7.58140803337044], [2.4910649525741357, 7.581581338458978], [2.4918214724789616, 7.581660646120486], [2.4927602057037186, 7.581618161811253], [2.493223222122226, 7.581526740728055], [2.4939807464584485, 7.581254801783121], [2.4947970672842823, 7.580814810074276], [2.4959212692088224, 7.579970737232703], [2.4975137721380927, 7.578351721761624], [2.500650408128906, 7.574026920961092], [2.5169093836198337, 7.542615489231299], [2.5478310514340885, 7.451687791513155], [2.565524859736372, 7.353294924961279], [2.5683264105214514, 7.253363006876658], [2.556176419985179, 7.154130921827505], [2.5293456834374703, 7.057828196452807], [2.488439403158311, 6.966604323254774], [2.4343846548913755, 6.8825236047970755], [2.368421759140376, 6.807421141432474], [2.292038630378131, 6.74294948683853], [2.2069345001696385, 6.6904837238955], [2.114951494765166, 6.651282494084786], [2.0181466598628797, 6.626247982622932], [1.9186906699656285, 6.615936927625786], [1.8188107420324124, 6.620589950250338], [1.7207421843527593, 6.640098403336356], [1.6266809065460004, 6.674017808528493], [1.5387351845024861, 6.721581108065198], [1.4588578153966703, 6.781722153665374], [1.3888547603606023, 6.8531015768068535], [1.3302799869893827, 6.934129479469608], [1.2844501060067453, 7.022993232251952], [1.2523413893400468, 7.117681439163039], [1.2346882332681455, 7.216080385388683]], "actions": [{"v": 0.9998285174369812, "w": -0.3682878911495209}, {"v": 0.9997844696044922, "w": -0.251740962266922}, {"v": 0.9994667768478394, "w": 0.4505232572555542}, {"v": 0.9974082708358765, "w": 1.0478047132492065}, {"v": 0.9958449602127075, "w": 1.1208481788635254}, {"v": 0.9130043983459473, "w": 1.486414909362793}, {"v": 0.9352390766143799, "w": 1.4833743572235107}, {"v": 0.9659773111343384, "w": 1.4818623065948486}, {"v": 0.9891696572303772, "w": 1.4831531047821045}, {"v": 0.9930237531661987, "w": 1.4672422409057617}, {"v": 0.9948946237564087, "w": 1.4840141534805298}, {"v": 0.9942480325698853, "w": 1.4784923791885376}, {"v": 0.9956132173538208, "w": 1.474644422531128}, {"v": 0.9916393756866455, "w": 1.4332926273345947}, {"v": 0.9916166067123413, "w": 1.4144487380981445}, {"v": 0.9979711771011353, "w": 1.37999427318573}, {"v": 0.9996675252914429, "w": 1.3877325057983398}, {"v": 0.9998971223831177, "w": 1.210314393043518}, {"v": 0.9999585151672363, "w": 0.9524272084236145}, {"v": 0.9999488592147827, "w": 1.208179235458374}, {"v": 0.009372055530548096, "w": -1.4995737075805664}, {"v": 0.012558847665786743, "w": -1.4993172883987427}, {"v": 0.013898730278015137, "w": -1.4989502429962158}, {"v": 0.011648178100585938, "w": -1.4980934858322144}, {"v": 0.00786900520324707, "w": -1.4975614547729492}, {"v": 0.011741399765014648, "w": -1.498563289642334}, {"v": 0.011730104684829712, "w": -1.497808814048767}, {"v": 0.01655334234237671, "w": -1.4995925426483154}, {"v": 0.021399587392807007, "w": -1.4998358488082886}, {"v": 0.01876094937324524, "w": -1.4997823238372803}, {"v": 0.019125282764434814, "w": -1.4992448091506958}, {"v": 0.00921010971069336, "w": -1.4977238178253174}, {"v": 0.006623417139053345, "w": -1.4939703941345215}, {"v": 0.0068978965282440186, "w": -1.495139241218567}, {"v": 0.0076066553592681885, "w": -1.4967690706253052}, {"v": 0.009396940469741821, "w": -1.4971307516098022}, {"v": 0.004719555377960205, "w": -1.497164249420166}, {"v": 0.008048564195632935, "w": -1.4969806671142578}, {"v": 0.0092734694480896, "w": -1.4967164993286133}, {"v": 0.014058053493499756, "w": -1.4962804317474365}, {"v": 0.022709637880325317, "w": -1.4965952634811401}, {"v": 0.05342507362365723, "w": -1.4984452724456787}, {"v": 0.35369932651519775, "w": -1.498387336730957}, {"v": 0.960416316986084, "w": -1.4987361431121826}, {"v": 0.9997113347053528, "w": -1.498992681503296}, {"v": 0.999711811542511, "w": -1.4986101388931274}, {"v": 0.9997314214706421, "w": -1.498840093612671}, {"v": 0.9997050762176514, "w": -1.4981850385665894}, {"v": 0.999755859375, "w": -1.4982531070709229}, {"v": 0.9995740652084351, "w": -1.4933756589889526}, {"v": 0.9995740652084351, "w": -1.49064040184021}, {"v": 0.9995486736297607, "w": -1.4857776165008545}, {"v": 0.9997683763504028, "w": -1.495865821838379}, {"v": 0.9998804330825806, "w": -1.4980506896972656}, {"v": 0.9998950958251953, "w": -1.4975837469100952}, {"v": 0.9998905658721924, "w": -1.4985790252685547}, {"v": 0.9998825192451477, "w": -1.498107671737671}, {"v": 0.9999010562896729, "w": -1.4973180294036865}, {"v": 0.9999024868011475, "w": -1.4967710971832275}, {"v": 0.9998359084129333, "w": -1.4959336519241333}, {"v": 0.9998669624328613, "w": -1.4976738691329956}, {"v": 0.9997724294662476, "w": -1.4973558187484741}, {"v": 0.999826192855835, "w": -1.4977425336837769}, {"v": 0.9998571872711182, "w": -1.49222731590271}, {"v": 0.9998412728309631, "w": -1.4941561222076416}, {"v": 0.9996992349624634, "w": -1.4760565757751465}]}