{"episode": 7, "reward": 1172.4163375075536, "goal": true, "collisions": 0, "path": [[6.573770399514866, 6.4449954567574865], [6.6304104172925475, 6.411922228904904], [6.683080478880835, 6.38510204237932], [6.72297668767376, 6.3671029893779165], [6.768139302108717, 6.345817842903078], [6.8061663539449695, 6.328095573382915], [6.847624524805975, 6.3072395449602014], [6.891403212521506, 6.284911734434307], [6.918391024072004, 6.270950138951183], [6.998992872733903, 6.220187459523321], [7.080000256497693, 6.172411620999218], [7.158088867862058, 6.123590473467947], [7.2186524619649175, 6.081948861862064], [7.289347333211732, 6.017151780808807], [7.3510176328311685, 5.940920457626224], [7.399958257872892, 5.857905455315948], [7.4370485333095315, 5.770556718493343], [7.462076089654398, 5.674795039380432], [7.479264381651116, 5.577083573127628], [7.506850612659288, 5.482158750677944], [7.525836701814366, 5.387834482277275], [7.5427757588516, 5.294241957748771], [7.559284386534524, 5.200323820496441], [7.58083642211957, 5.1046718437322385], [7.612423870090676, 5.010645874226928], [7.6538227790336135, 4.920657165730835], [7.706281806651783, 4.836577169979454], [7.766461643699837, 4.758365542078853], [7.8310337619225505, 4.68834968694532], [7.895571965102387, 4.62154465206945], [7.9587575898806575, 4.553969130302311], [8.020831930760576, 4.4836447838791615], [8.076853293303682, 4.4065952751883275], [8.126992269728614, 4.325097047174812], [8.168517082307769, 4.235460192347408], [8.199544080842568, 4.140751511240841], [8.21759186250372, 4.042527474845291], [8.229857344489826, 3.943357989574314], [8.244532134693397, 3.8446042914041287], [8.249569355819656, 3.744856745386959], [8.254738952808363, 3.645179421091915], [8.251617282240002, 3.54543817826593], [8.243815768586753, 3.4462669644602544], [8.24601351081608, 3.346673034513832], [8.256139991648777, 3.2477168817170865], [8.271719014115913, 3.149424963081718], [8.290521224804504, 3.0517416600235707], [8.31397027320443, 2.9549620527871854], [8.34486879951535, 2.8601636741408116], [8.369837261580212, 2.763633735860229], [8.389524061076624, 2.6659279394992597], [8.405009100988789, 2.567438334608913], [8.415836812772138, 2.4683133516558415], [8.423958542600555, 2.368906818712593], [8.43167426281823, 2.2694443170079], [8.44050188207282, 2.170060284818054], [8.450342142332627, 2.0709686432131535], [8.464216525975896, 1.9721515480526692], [8.482787027333213, 1.8741587702282674], [8.504075401772095, 1.7767651457437283], [8.528467047337724, 1.68019931056583], [8.560241758201553, 1.5862951804050214], [8.603592722986175, 1.4973758164891011], [8.657780914876891, 1.4171193990954167], [8.717709332082702, 1.3518293280252225], [8.787093601499034, 1.2957310643144853], [8.869371905301048, 1.247315854216457], [8.956625088427497, 1.2119818296381242], [9.041394516203834, 1.1909032691367871], [9.113607122872306, 1.1825004698806412], [9.167270711932613, 1.1798004730702347], [9.21245628160639, 1.179234931627751], [9.241421983886791, 1.180084631229282], [9.270346184570624, 1.1823418859024502]], "actions": [{"v": 0.9201940894126892, "w": 1.1217880249023438}, {"v": 0.6558910012245178, "w": 0.5752257108688354}, {"v": 0.5910547971725464, "w": 0.4718208611011505}, {"v": 0.4376840591430664, "w": -0.1661798655986786}, {"v": 0.4992713928222656, "w": 0.04309757053852081}, {"v": 0.4195396900177002, "w": -0.2997860312461853}, {"v": 0.46408554911613464, "w": -0.055337559431791306}, {"v": 0.4914371371269226, "w": -0.057870954275131226}, {"v": 0.30385327339172363, "w": -0.8462528586387634}, {"v": 0.9525495767593384, "w": 0.29175686836242676}, {"v": 0.9404640197753906, "w": -0.258799284696579}, {"v": 0.9209416508674622, "w": -0.43589210510253906}, {"v": 0.734981119632721, "w": -1.3956317901611328}, {"v": 0.9589800238609314, "w": -1.487013339996338}, {"v": 0.9805325269699097, "w": -1.4750550985336304}, {"v": 0.9636739492416382, "w": -1.3114135265350342}, {"v": 0.9489725828170776, "w": -1.4591666460037231}, {"v": 0.9897816181182861, "w": -0.8150730729103088}, {"v": 0.9921172857284546, "w": 1.0869407653808594}, {"v": 0.9885201454162598, "w": -0.8419010639190674}, {"v": 0.9621610641479492, "w": -0.19582074880599976}, {"v": 0.9511305093765259, "w": -0.050498541444540024}, {"v": 0.9535801410675049, "w": 0.47617122530937195}, {"v": 0.9804993867874146, "w": 1.024818778038025}, {"v": 0.9918996691703796, "w": 1.0707823038101196}, {"v": 0.9905471801757812, "w": 1.2664450407028198}, {"v": 0.9910295009613037, "w": 0.9801174402236938}, {"v": 0.9868470430374146, "w": 0.8914026021957397}, {"v": 0.9524588584899902, "w": 0.23168140649795532}, {"v": 0.9288752675056458, "w": -0.1630212515592575}, {"v": 0.9251418113708496, "w": -0.2867203950881958}, {"v": 0.9380158185958862, "w": -0.944948136806488}, {"v": 0.9526289701461792, "w": -0.7713965177536011}, {"v": 0.956863522529602, "w": -1.1770946979522705}, {"v": 0.987880289554596, "w": -1.1723699569702148}, {"v": 0.9966146945953369, "w": -1.348717212677002}, {"v": 0.9986833333969116, "w": -0.586570680141449}, {"v": 0.999251127243042, "w": 0.2446334958076477}, {"v": 0.9983807802200317, "w": -0.9706358313560486}, {"v": 0.9987465143203735, "w": 0.013600025326013565}, {"v": 0.9981129169464111, "w": -0.83104407787323}, {"v": 0.9979007840156555, "w": -0.4721793532371521}, {"v": 0.9947760105133057, "w": 1.0056886672973633}, {"v": 0.9961817264556885, "w": 0.7991455793380737}, {"v": 0.9947293996810913, "w": 0.5521195530891418}, {"v": 0.9951887726783752, "w": 0.32965829968452454}, {"v": 0.9947638511657715, "w": 0.47556501626968384}, {"v": 0.9957987070083618, "w": 0.773690938949585}, {"v": 0.9970682859420776, "w": -0.6196852326393127}, {"v": 0.9970683455467224, "w": -0.5428436994552612}, {"v": 0.9966941475868225, "w": -0.42879921197891235}, {"v": 0.9969949126243591, "w": -0.47146934270858765}, {"v": 0.9971460103988647, "w": -0.27280449867248535}, {"v": 0.9973775744438171, "w": -0.04102015495300293}, {"v": 0.9976131916046143, "w": 0.11171640455722809}, {"v": 0.9977531433105469, "w": 0.10389307141304016}, {"v": 0.9957903027534485, "w": 0.4051268696784973}, {"v": 0.9978635311126709, "w": 0.47795096039772034}, {"v": 0.9973689317703247, "w": 0.2790827751159668}, {"v": 0.9969309568405151, "w": 0.3221946656703949}, {"v": 0.9959875345230103, "w": 0.7886461019515991}, {"v": 0.9913434386253357, "w": 1.2734272480010986}, {"v": 0.9892400503158569, "w": 1.4025616645812988}, {"v": 0.9683724641799927, "w": 1.4872686862945557}, {"v": 0.8862396478652954, "w": 1.4827854633331299}, {"v": 0.8922551274299622, "w": 1.4804151058197021}, {"v": 0.9546597003936768, "w": 1.4709569215774536}, {"v": 0.9413613080978394, "w": 1.410598874092102}, {"v": 0.8735079765319824, "w": 1.278738021850586}, {"v": 0.7269984483718872, "w": 0.6556999087333679}, {"v": 0.5373146533966064, "w": 0.3775567412376404}, {"v": 0.45189109444618225, "w": 0.418415904045105}, {"v": 0.2897816300392151, "w": 0.48556220531463623}, {"v": 0.2901214361190796, "w": 0.6323099732398987}]}