{"episode": 0, "reward": 1073.9299565845533, "goal": true, "collisions": 0, "path": [[9.500076828960681, 3.5000160930330644], [9.500285128102059, 3.500084831995064], [9.500897998193631, 3.5003715811808256], [9.502290665608252, 3.501249686877582], [9.505636890156547, 3.5040570719329303], [9.5146842996761, 3.5140715900970285], [9.529801380558292, 3.5363368399602955], [9.546877913846055, 3.570444428191859], [9.564647647289911, 3.6209742061955517], [9.580185641272346, 3.69147627876826], [9.587749125639329, 3.775476471350867], [9.583754294289628, 3.8618256457311695], [9.568239220155755, 3.9452117242080753], [9.539993836282173, 4.0325933255416935], [9.49867399662582, 4.119603686795909], [9.445024325250069, 4.202655114994723], [9.380582808254639, 4.278320909307677], [9.307074046431461, 4.345583946274001], [9.228245540259758, 4.406763025389392], [9.145960590539852, 4.463297490791756], [9.061480580566803, 4.5165191002351825], [8.97604343175737, 4.568134666250426], [8.889671331940571, 4.618171949700791], [8.802529639302174, 4.6668278582555835], [8.714908337889591, 4.714685928837735], [8.62653441607801, 4.761247985826213], [8.537583044467846, 4.80675484688707], [8.448107718227783, 4.851292711512524], [8.358356839714924, 4.8953205168408935], [8.26838397115318, 4.938929264263589], [8.178201063273827, 4.982116275296885], [8.087671904562393, 5.024581064300019], [7.9971372622236405, 5.067038790152747], [7.906602493225018, 5.109499466435391], [7.815986207424084, 5.15178808273502], [7.725461474357525, 5.194273737089116], [7.6351839068516885, 5.23728297354408], [7.5451996761545335, 5.2809032693667], [7.455769381223599, 5.32564852835365], [7.366920954285542, 5.371538442389447], [7.278096801339069, 5.417475444094617], [7.188855095504204, 5.462595977650363], [7.098922914563099, 5.5063242063088005], [7.098122160212023, 5.506690790037265], [7.09746411381604, 5.507121240026191], [7.096953698753731, 5.507577292305523], [7.096497654943613, 5.508127979851434], [7.096220533013929, 5.508588456786111], [7.096008361316871, 5.5091019156434236], [7.095903339831802, 5.509527419669194], [7.095866502935332, 5.509926184579836], [7.095887911087283, 5.510296632249247], [7.095951919323506, 5.510600619924826], [7.096061046515041, 5.510892913594017], [7.0961751527971675, 5.511098304127682], [7.096330314179449, 5.511299522932841], [7.096470828535184, 5.511434186385468], [7.096615066056637, 5.511535938549951], [7.0967509325015445, 5.511604036281806], [7.0968835326235595, 5.511647217656883], [7.097016573843229, 5.511669373089699], [7.097184609726918, 5.511671927843036], [7.097363947049979, 5.5116476391976725], [7.097604116078964, 5.511577421499151], [7.0979500821591675, 5.511416962623098], [7.098428908942532, 5.511100430556308], [7.0997122961304004, 5.509942750029932], [7.104143699372452, 5.504540844869535], [7.128154650071901, 5.46422987343065], [7.165930475781005, 5.371644481134336], [7.189453819507998, 5.274457558107297], [7.198198932895702, 5.174849002671163], [7.191971075462442, 5.075051835787217], [7.17091067202602, 4.977304368328969], [7.135490962045532, 4.883798285436551], [7.086506050752741, 4.79662995697252], [7.02505537189756, 4.717753171038549], [6.952519201414924, 4.648934043061654], [6.8705235949925, 4.591712455314319], [6.780903876500469, 4.54737111837856], [6.685670048671108, 4.51690464564852], [6.586955190377575, 4.5009985557316945], [6.486970112400394, 4.5000090996527256], [6.387956940310341, 4.513953961131829], [6.292134881692272, 4.54252316772725], [6.201651633458477, 4.58507927849676], [6.11853564597879, 4.640667017249125], [6.044649467544895, 4.708040494171637], [5.981649354772907, 4.7856923301496685], [5.930940140711408, 4.871873188463706], [5.893659771161419, 4.96465554430868], [5.870624136852365, 5.061958547381419], [5.86234875463162, 5.161608095911998], [5.869000119829815, 5.261379677502173], [5.890434782693427, 5.359050269869822], [5.926208581516784, 5.452428530601519], [5.9755214375651295, 5.539420518723983], [6.037271905431789, 5.618072893170375], [6.110077198336166, 5.686620730606574], [6.192303981373351, 5.743526573924083]], "actions": [{"v": 0.0007849633693695068, "w": 1.1226820945739746}, {"v": 0.0021934807300567627, "w": 1.1887377500534058}, {"v": 0.0067663490772247314, "w": 1.2493705749511719}, {"v": 0.016463875770568848, "w": 1.3549667596817017}, {"v": 0.04367908835411072, "w": 1.3803366422653198}, {"v": 0.1349615454673767, "w": 1.382454514503479}, {"v": 0.2691221833229065, "w": 1.322802186012268}, {"v": 0.38143616914749146, "w": 1.2602035999298096}, {"v": 0.5356324911117554, "w": 1.2123757600784302}, {"v": 0.7219398617744446, "w": 1.2712373733520508}, {"v": 0.8434001207351685, "w": 1.3602977991104126}, {"v": 0.8644153475761414, "w": 1.377288579940796}, {"v": 0.8481718301773071, "w": 1.286812663078308}, {"v": 0.9183324575424194, "w": 1.3071306943893433}, {"v": 0.9632306098937988, "w": 1.3019118309020996}, {"v": 0.9887277483940125, "w": 1.3191198110580444}, {"v": 0.9938822984695435, "w": 1.2427992820739746}, {"v": 0.9963861703872681, "w": 0.8106048107147217}, {"v": 0.9978382587432861, "w": 0.5801251530647278}, {"v": 0.9983465075492859, "w": 0.398066908121109}, {"v": 0.998469352722168, "w": 0.18725645542144775}, {"v": 0.9981819987297058, "w": 0.18377818167209625}, {"v": 0.9981918334960938, "w": 0.158421128988266}, {"v": 0.998051643371582, "w": 0.09319198131561279}, {"v": 0.9983930587768555, "w": 0.1499892920255661}, {"v": 0.9988981485366821, "w": 0.12037533521652222}, {"v": 0.999160647392273, "w": 0.11019092798233032}, {"v": 0.9994726181030273, "w": 0.05795913189649582}, {"v": 0.9996833801269531, "w": 0.047406814992427826}, {"v": 0.9998419880867004, "w": 0.047116346657276154}, {"v": 0.999903678894043, "w": 0.08010022342205048}, {"v": 0.9999393224716187, "w": 0.0008719748584553599}, {"v": 0.9999589920043945, "w": -0.0002631358802318573}, {"v": 0.9999725818634033, "w": 0.019039878621697426}, {"v": 0.9999819397926331, "w": -0.021727871149778366}, {"v": 0.9999879002571106, "w": -0.05790095031261444}, {"v": 0.9999916553497314, "w": -0.0677826777100563}, {"v": 0.9999946355819702, "w": -0.12539738416671753}, {"v": 0.9999958276748657, "w": -0.12840837240219116}, {"v": 0.9999963045120239, "w": -0.0052981567569077015}, {"v": 0.9999969005584717, "w": 0.09170544892549515}, {"v": 0.9999972581863403, "w": 0.15541401505470276}, {"v": 0.9999977350234985, "w": 0.2325577437877655}, {"v": 0.008806765079498291, "w": -1.4995553493499756}, {"v": 0.007863283157348633, "w": -1.4993304014205933}, {"v": 0.006844758987426758, "w": -1.4992530345916748}, {"v": 0.007150053977966309, "w": -1.4990981817245483}, {"v": 0.005374342203140259, "w": -1.4990191459655762}, {"v": 0.005555689334869385, "w": -1.4987074136734009}, {"v": 0.004382729530334473, "w": -1.4986426830291748}, {"v": 0.004004627466201782, "w": -1.4984180927276611}, {"v": 0.0037106573581695557, "w": -1.4980463981628418}, {"v": 0.003106534481048584, "w": -1.497910499572754}, {"v": 0.0031200051307678223, "w": -1.497788429260254}, {"v": 0.0023495852947235107, "w": -1.497735619544983}, {"v": 0.0025409460067749023, "w": -1.4978342056274414}, {"v": 0.0019462406635284424, "w": -1.4976564645767212}, {"v": 0.0017651617527008057, "w": -1.4975764751434326}, {"v": 0.0015197694301605225, "w": -1.4979511499404907}, {"v": 0.0013945400714874268, "w": -1.4980441331863403}, {"v": 0.001348733901977539, "w": -1.498138189315796}, {"v": 0.0016805529594421387, "w": -1.4981889724731445}, {"v": 0.0018097460269927979, "w": -1.498237133026123}, {"v": 0.002502232789993286, "w": -1.4982993602752686}, {"v": 0.0038136541843414307, "w": -1.4983924627304077}, {"v": 0.005739927291870117, "w": -1.4983768463134766}, {"v": 0.01728382706642151, "w": -1.4982796907424927}, {"v": 0.06986981630325317, "w": -1.4981170892715454}, {"v": 0.4692014455795288, "w": -1.4981671571731567}, {"v": 0.9999533891677856, "w": -1.4991786479949951}, {"v": 0.9999322891235352, "w": -1.499047875404358}, {"v": 0.9999170303344727, "w": -1.4989458322525024}, {"v": 0.9999130368232727,