{"episode": 9, "reward": 1243.1750864052062, "goal": true, "collisions": 0, "path": [[9.499757054159508, 7.50026330486283], [9.49950541219683, 7.500549871509367], [9.499237756258898, 7.5008695310737785], [9.498975122419742, 7.501203251164345], [9.49872348802406, 7.501551434403456], [9.498488300392145, 7.5019035257631295], [9.498162474424552, 7.502452394552467], [9.497872774226797, 7.503110515570672], [9.497690431016471, 7.503766762011157], [9.497640736258708, 7.504172012273859], [9.497644972182078, 7.504326061860713], [9.497656840868748, 7.504392470129762], [9.497664072779989, 7.5044138147789745], [9.497671085835426, 7.504427406701627], [9.497682741722164, 7.504443523624406], [9.497700937977205, 7.504462065156378], [9.497731874966993, 7.504485347711427], [9.497796067590533, 7.504520072513817], [9.497896412941335, 7.504556357536178], [9.498102278187579, 7.504597607890293], [9.498312184631649, 7.504607806617361], [9.498527441494806, 7.504585967519535], [9.498709884152921, 7.504539199071889], [9.49936560620059, 7.504261290087317], [9.503226553410931, 7.501889813356986], [9.522087603197141, 7.485979757868638], [9.540462748468562, 7.465041065254201], [9.559330665827437, 7.435631215237965], [9.569245163672312, 7.413460680880537], [9.575122959767176, 7.392269720920314], [9.57776929982443, 7.370433076881756], [9.576480652759491, 7.326531760060181], [9.560341119388758, 7.237485043370118], [9.528906136373697, 7.1454120349520345], [9.483553994069515, 7.057996824049344], [9.426193158696114, 6.9786451157563825], [9.357232484589039, 6.907194316052784], [9.279371898243843, 6.845595333390822], [9.195787559817253, 6.791386089884629], [9.111674431333958, 6.738028451465954], [9.030687462161003, 6.680466819220175], [8.951720613608776, 6.62042126026093], [8.878149557481228, 6.55771506544291], [8.81344845480722, 6.493656918072094], [8.748034674296795, 6.427448436283459], [8.680927980313717, 6.362155571245541], [8.617921869824348, 6.297917358242859], [8.565839778254448, 6.242342028432478], [8.51131542734307, 6.185029957109084], [8.471168271819769, 6.138670537286391], [8.412558789918839, 6.06839210134088], [8.365478019783913, 6.001376609914889], [8.324113886425911, 5.935184497051825], [8.291443355004011, 5.877843875103583], [8.238793670753656, 5.80653617870151], [8.204256850848614, 5.7454980831974645], [8.144499491522728, 5.667390770875802], [8.106920130173384, 5.604603126310696], [8.050001687924086, 5.525362394415726], [7.996213215957104, 5.444699689411511], [7.941266648093878, 5.36490338262259], [7.885832141707359, 5.285194731914391], [7.830099377403675, 5.204899593853344], [7.770527638117491, 5.130168370568146], [7.6995160501400814, 5.062321640216698], [7.623397379736124, 5.000620979481329], [7.547076820949732, 4.940579287373414], [7.472042537848173, 4.8785506297284265], [7.399367928127466, 4.815696227961173], [7.323129377881704, 4.754220425748219], [7.2504357095758305, 4.690328746699681], [7.178338415543257, 4.625831044875969], [7.105476133147894, 4.558682903313031], [7.042056500534235, 4.488972954117646], [6.975757911423861, 4.425424366855015], [6.907329521695791, 4.371728799902787], [6.837913088123022, 4.326104808264365], [6.767848409334837, 4.288471132182469], [6.717641289899765, 4.266125948765268], [6.677767082671343, 4.246836457067122], [6.642128813634335, 4.2327483935663], [6.611170891294895, 4.219609999694814], [6.583224951843439, 4.207701215186109], [6.556403394411026, 4.196373812519898], [6.529885155702649, 4.186535139233758], [6.50562443546456, 4.175774521791329], [6.492565989116846, 4.171038590037217], [6.478993267374753, 4.166002159138163], [6.466016718740283, 4.161026820206036], [6.451867441269277, 4.155607460197945], [6.433853844734548, 4.148589043543627], [6.4189200378904925, 4.143401094377925], [6.403851640964566, 4.138176114895334], [6.3872218724290715, 4.132537758574774], [6.370454681659757, 4.127137742602219], [6.352676294366537, 4.121586576235433], [6.333757504443346, 4.115866562482854], [6.3144273642401085, 4.110170645304908], [6.29558923802775, 4.105024449192872], [6.275736750657378, 4.099576147404452], [6.233424713457643, 4.088443248663982], [6.1870611101339446, 4.076406793800135], [6.131097385282336, 4.062348352876445], [6.076308996970473, 4.047136417721351], [6.022748713935433, 4.032625848558684], [5.970696264500438, 4.019661530983587], [5.918680680538236, 4.008358729203184], [5.902096755425154, 4.00623638778082], [5.874213227624713, 4.00683681953554], [5.843250954146205, 4.012198877593921], [5.749765889341651, 4.043332303947256], [5.660711640114604, 4.088734573757694], [5.579423287505923, 4.146948649621056], [5.507760049397765, 4.216643965876148], [5.447000136221467, 4.295820227897213], [5.387839657808362, 4.376106931901024], [5.330807072664319, 4.456299646830605], [5.281126251066743, 4.534792206323193], [5.231989452237903, 4.607064745461987], [5.2277323511379645, 4.612573633043514], [5.180120216770737, 4.659525154231535], [5.131085461093752, 4.70176729008411], [5.112886421470611, 4.715172168871806], [5.087167514576285, 4.72913482047473], [5.031384790404408, 4.7499350701258045], [4.952859671874611, 4.766693020312534], [4.8567397762971805, 4.773068425784306], [4.75743032441911, 4.7651734115355175], [4.659791367216675, 4.743990794362919], [4.564053887589543, 4.715288427265779], [4.472008759244053, 4.6763306377254885], [4.384329566820233, 4.628390938582317], [4.300968589349358, 4.573280685188667], [4.220470422967045, 4.5140764942192], [4.141377920373051, 4.453003790768282], [4.063688876195519, 4.390145768018858], [3.9875638653474734, 4.3253830192409914], [3.9128702525931285, 4.258949991854326], [3.840640956624119, 4.1898297412120264], [3.771182248457043, 4.1179121551834506], [3.70424873576936, 4.043632399829523], [3.6395245288449214, 3.9674208430372637], [3.5832585898178504, 3.884759460183279], [3.5264041964846538, 3.8025018913470667], [3.4776989017563746, 3.7151691434704226], [3.4349859078365252, 3.6247540978514117], [3.396831741644709, 3.5323215467654627], [3.3627116140860007, 3.4383245227657717], [3.3319676537948535, 3.343168993087904], [3.3083508667486594, 3.2459984389864367], [3.2908291202920363, 3.147545937987463], [3.278744792653887, 3.048279163035051], [3.2716224888290153, 2.9485334424101275], [3.2681880102909044, 2.84859271028866], [3.2694945838020057, 2.7486014185272616]], "actions": [{"v": 0.0035826265811920166, "w": -0.24606281518936157}, {"v": 0.003813713788986206, "w": -0.23514395952224731}, {"v": 0.004169195890426636, "w": -0.3032740652561188}, {"v": 0.004246711730957031, "w": -0.4095320999622345}, {"v": 0.004295945167541504, "w": -0.3689679205417633}, {"v": 0.0042341649532318115, "w": -0.5318273901939392}, {"v": 0.006382942199707031, "w": -1.2105536460876465}, {"v": 0.007190614938735962, "w": -1.4364733695983887}, {"v": 0.006811082363128662, "w": -1.4900307655334473}, {"v": 0.004082858562469482, "w": -1.4950830936431885}, {"v": 0.0015410780906677246, "w": -1.4936553239822388}, {"v": 0.0006746053695678711, "w": -1.4982120990753174}, {"v": 0.00022536516189575195, "w": -1.4966669082641602}, {"v": 0.00015294551849365234, "w": -1.4978893995285034}, {"v": 0.00019890069961547852, "w": -1.498674750328064}, {"v": 0.00025978684425354004, "w": -1.4964616298675537}, {"v": 0.0003871917724609375, "w": -1.4928398132324219}, {"v": 0.0007298290729522705, "w": -1.4889355897903442}, {"v": 0.001067042350769043, "w": -1.4921596050262451}, {"v": 0.0020995736122131348, "w": -1.4920774698257446}, {"v": 0.0021015405654907227, "w": -1.4965884685516357}, {"v": 0.002163618803024292, "w": -1.4983237981796265}, {"v": 0.0018834173679351807, "w": -1.499294400215149}, {"v": 0.007121831178665161, "w": -1.4993908405303955}, {"v": 0.04531094431877136, "w": -1.4992091655731201}, {"v": 0.24675270915031433, "w": -1.4978134632110596}, {"v": 0.2785812020301819, "w": -1.4987034797668457}, {"v": 0.34941917657852173, "w": -1.4989595413208008}, {"v": 0.24286413192749023, "w": -1.499459981918335}, {"v": 0.21991026401519775,