{"episode": 21, "reward": 1193.7404130427726, "goal": true, "collisions": 0, "path": [[1.4999924405921332, 4.500119064925694], [1.4999961077352522, 4.500161685706426], [1.5000056900413723, 4.500201586028434], [1.5000128753364619, 4.500219289730249], [1.5000231880195782, 4.500236669329989], [1.5000550697160646, 4.500275652452056], [1.500147297681134, 4.500359074252866], [1.5007675421012676, 4.500770312454061], [1.5020823195165134, 4.501383756414962], [1.5079027619732654, 4.503168362553207], [1.552064126409415, 4.510828614595321], [1.5700588841511047, 4.514551418262509], [1.6135965716613567, 4.521345462079135], [1.6456728000713623, 4.52710654156932], [1.686464125342492, 4.533256273145763], [1.7152323518468178, 4.537808007921067], [1.762982977606181, 4.54324199714416], [1.782554293103341, 4.546514113095564], [1.8408210222197807, 4.549810761946229], [1.860337235085491, 4.552611469418717], [1.9036137648446596, 4.554121088946213], [1.9257322941495216, 4.55607372430337], [1.9839322325362003, 4.555551673355022], [2.0053839181138313, 4.556985738290915], [2.091702418453816, 4.553847816609287], [2.1058964999912417, 4.554941433667646], [2.1895661624668277, 4.551286636571841], [2.205406523361627, 4.5519525760430595], [2.2962615928201116, 4.546258465165248], [2.3714376232175267, 4.542039844451447], [2.447429790213529, 4.527379915362199], [2.5415016627458966, 4.497765567397674], [2.6332893362788594, 4.4602689186688265], [2.7195294937638677, 4.410125736391147], [2.7982778018860257, 4.351018242781957], [2.8805916449574864, 4.294889047985872], [2.965985952928487, 4.243503675108751], [3.0449980265049374, 4.185056761151155], [3.121670394256536, 4.121356606727441], [3.204384378209535, 4.06790788868626], [3.2820427334455884, 4.005464744066795], [3.361347130551759, 3.9490917737241586], [3.4412510237245, 3.894308481609424], [3.5209133690742886, 3.840793304389318], [3.600080042198125, 3.7852661239560446], [3.675658374145452, 3.7315585950966677], [3.7483225828556455, 3.673014112060865], [3.8203923842458165, 3.6111326592620214], [3.8913599690942204, 3.550486214702924], [3.9604413351563847, 3.487316347902616], [4.028543002024118, 3.422268584614595], [4.096677578106347, 3.3561276870425543], [4.164180158689443, 3.287242435162862], [4.233511856809083, 3.2199738326128324], [4.305029339209024, 3.152744628732999], [4.3814555993823445, 3.0921129847522577], [4.462883695080701, 3.038716688996156], [4.538821226969186, 2.9760350959952673], [4.613329290464345, 2.9112996386941274], [4.686774387076322, 2.8448285090382894], [4.759913540497247, 2.7779223548825582], [4.834819166973058, 2.7126629578526815], [4.907561800494615, 2.6446566137131056], [4.983102760329667, 2.579477899020513], [5.0567125669269, 2.5120902659948667], [5.129736765339795, 2.4440410288627943], [5.200678101792756, 2.373623393719991], [5.265395923569623, 2.297443539148172], [5.325850757822219, 2.2178345921095213], [5.383139970764343, 2.1358867066558203], [5.431116486951534, 2.048157863562902], [5.473689983650867, 1.9576794805582365], [5.509329541638318, 1.864256255572637], [5.540463197097007, 1.769230209534963], [5.571691350132052, 1.6742330270465215], [5.603592005610291, 1.579459026699861], [5.637025357276026, 1.4852144869621595], [5.671438866346899, 1.3913231792505583], [5.706964676320378, 1.297847084945043], [5.745185704022471, 1.2054402011092504], [5.790449620276514, 1.1162715556677183], [5.842997790366236, 1.0311917367037138], [5.900234610825602, 0.9491954671796163], [5.959819805860344, 0.8688888403232893], [6.021812715619627, 0.7904253455456098], [6.086424552887503, 0.7141049730237325], [6.156323910742823, 0.6425949635561308]], "actions": [{"v": 0.0011930465698242188, "w": -1.492344856262207}, {"v": 0.0004277825355529785, "w": -1.4986279010772705}, {"v": 0.00041034817695617676, "w": -1.498586893081665}, {"v": 0.00019106268882751465, "w": -1.4998530149459839}, {"v": 0.00020208954811096191, "w": -1.4998409748077393}, {"v": 0.0005035996437072754, "w": -1.499703049659729}, {"v": 0.00124359130859375, "w": -1.498273253440857}, {"v": 0.007441908121109009, "w": -1.4892499446868896}, {"v": 0.014508455991744995, "w": -1.3904297351837158}, {"v": 0.060878872871398926, "w": -1.257584571838379}, {"v": 0.44820815324783325, "w": 0.32253164052963257}, {"v": 0.18375813961029053, "w": -0.4920346140861511}, {"v": 0.44064605236053467, "w": 0.22909949719905853}, {"v": 0.325894832611084, "w": -0.28077268600463867}, {"v": 0.4125228822231293, "w": 0.07286211848258972}, {"v": 0.29126089811325073, "w": -0.4360823631286621}, {"v": 0.48058822751045227, "w": 0.5234535336494446}, {"v": 0.19842961430549622, "w": -1.0913889408111572}, {"v": 0.5835991501808167, "w": 0.8601524829864502}, {"v": 0.1971614956855774, "w": -1.076646089553833}, {"v": 0.43302851915359497, "w": 0.5318329930305481}, {"v": 0.22204551100730896, "w": -0.9702197313308716}, {"v": 0.5820227861404419, "w": 0.7572132349014282}, {"v": 0.21499565243721008, "w": -1.0308842658996582}, {"v": 0.8637551665306091, "w": 1.1323230266571045}, {"v": 0.14236149191856384, "w": -1.205489993095398}, {"v": 0.8374944925308228, "w": 0.8566945195198059}, {"v": 0.15854352712631226, "w": -1.046065330505371}, {"v": 0.9103332161903381, "w": 0.06532827019691467}, {"v": 0.7529430389404297, "w": -1.3451485633850098}, {"v": 0.7739329934120178, "w": -1.1441128253936768}, {"v": 0.9862315654754639, "w": -0.8284142017364502}, {"v": 0.9915127754211426, "w": -1.38832688331604}, {"v": 0.997582197189331, "w": -1.1721899509429932}, {"v": 0.9846315383911133, "w": 0.45407411456108093}, {"v": 0.9962958693504333, "w": 0.5676990151405334}, {"v": 0.9966264963150024, "w": -0.951905369758606}, {"v": 0.9827995300292969, "w": -0.5635685324668884}, {"v": 0.9968129396438599, "w": 1.1955682039260864}, {"v": 0.9848029613494873, "w": -1.035305142402649}, {"v": 0.9964922070503235, "w": 0.5925467610359192}, {"v": 0.9729901552200317, "w": 0.1695999801158905}, {"v": 0.9688055515289307, "w": 0.09475135803222656}, {"v": 0.9596855044364929, "w": -0.2013131082057953}, {"v": 0.9669865369796753, "w": -0.06156216189265251}, {"v": 0.9271775484085083, "w": -0.6037958264350891}, {"v": 0.9331421852111816, "w": -0.3128621578216553}, {"v": 0.9499142169952393, "w": 0.02345605194568634}, {"v": 0.9335089325904846, "w": -0.33590227365493774}, {"v": 0.9360911846160889, "w": -0.21737369894981384}, {"v": 0.9417561888694763, "w": -0.08085338026285172}, {"v": 0.9495756030082703, "w": -0.24983999133110046}, {"v": 0.9644571542739868, "w": 0.25239402055740356}, {"v": 0.9660200476646423, "w": 0.15795360505580902}, {"v": 0.981555700302124, "w": 0.838369607925415}, {"v": 0.9755598306655884, "w": 0.9025853872299194}, {"v": 0.9737401604652405, "w": -1.0965427160263062}, {"v": 0.9846568703651428, "w": -0.2526996433734894}, {"v": 0.9870222806930542, "w": -0.20265966653823853}, {"v": 0.9905853271484375, "w": -0.05325058847665787}, {"v": 0.9912501573562622, "w": 0.24234485626220703}, {"v": 0.9934606552124023, "w": -0.3507423400878906}, {"v": 0.9958088397979736, "w": 0.3986698389053345}, {"v": 0.9977325201034546, "w": -0.29403701424598694}, {"v": 0.9979727268218994, "w": -0.0885068029165268}, {"v": 0.9981598854064941, "w": -0.31545740365982056}, {"v": 0.9995657205581665, "w": -0.8487598299980164}, {"v": 0.9995882511138916, "w": -0.5473842024803162}, {"v": 0.9996185302734375, "w": -0.39371296763420105}, {"v": 0.9998754262924194, "w": -1.0967800617218018}, {"v": 0.9999047517776489, "w": -0.6063786745071411}, {"v": 0.9999419450759888, "w": -0.7535728812217712}, {"v": 0.9999038577079773, "w": -0.4783255457878113}, {"v": 0.9999626874923706, "w": 0.00987931527197361}, {"v": 0.9999830722808838, "w": 0.07085757702589035}, {"v": 0.9999881982803345, "w": 0.1621604710817337}, {"v": 0.9999910593032837, "w": 0.10418820381164551}, {"v": 0.9999933242797852, "w": 0.11872844398021698}, {"v": 0.9999932050704956, "w": 0.28996652364730835}, {"v": 0.9999939203262329, "w": 0.7753664255142212}, {"v": 0.9999934434890747, "w": 0.8355855345726013}, {"v": 0.9999942779541016,