{"episode": 15, "reward": 1251.4423131367455, "goal": true, "collisions": 0, "path": [[6.499916631650048, 8.50002084566784], [6.499857333235776, 8.500045550628947], [6.49982273933514, 8.500066503873477], [6.499795404670148, 8.500089272252971], [6.49977713607026, 8.500109837350628], [6.499766043077069, 8.500126904011431], [6.499758355121084, 8.500143827317679], [6.4997520610016535, 8.500166012796562], [6.499748267919666, 8.500195849161337], [6.499749243821351, 8.500237301645193], [6.49976211936595, 8.500310753055764], [6.499796793858731, 8.500414165149941], [6.4998854124395065, 8.500587115069884], [6.50009989025133, 8.500885336636365], [6.50034431830576, 8.501135677279471], [6.500579803378822, 8.501313724837182], [6.500813536153909, 8.501440635436829], [6.501064696913853, 8.50153160354801], [6.5013102433993835, 8.501580752263344], [6.501476399423008, 8.50158867195676], [6.501621501153603, 8.50157377435169], [6.501751583153999, 8.501540243966865], [6.501925271743711, 8.501466352309926], [6.502211643161753, 8.501289926461304], [6.502745311078651, 8.500838662402366], [6.50398259744983, 8.49942607236806], [6.508119451766869, 8.492982671500776], [6.520394286094269, 8.466148865313862], [6.54182294751521, 8.399274472983215], [6.562236322043499, 8.309839327724312], [6.57933417144235, 8.21553611466441], [6.600218098564109, 8.125137080343102], [6.620450511528214, 8.057370771558617], [6.631345231039485, 8.026071936728094], [6.635374805377832, 8.01615280182812], [6.65154953715395, 7.96749055282924], [6.656532147387078, 7.954815812313591], [6.67471034773629, 7.896918874138628], [6.678661714261433, 7.8872103699460965], [6.697128907730838, 7.826073323281143], [6.70026995260272, 7.818399586619471], [6.718807308189606, 7.756345339955423], [6.721722556231579, 7.749180688893084], [6.737821396393737, 7.69394595119882], [6.750420173583588, 7.653965904747729], [6.763828208623489, 7.607815265094523], [6.77523183166053, 7.569454062169079], [6.794064138969442, 7.499002370422367], [6.814382136752864, 7.423068757539276], [6.8346091275569405, 7.337107661550526], [6.853800828522107, 7.247087422197346], [6.872170348605176, 7.150657157783989], [6.897577497130295, 7.057906511610035], [6.921068842476269, 6.967284779434685], [6.932888683816453, 6.893438126330857], [6.936229975614732, 6.801677200382237], [6.931174886133557, 6.713566298966889], [6.919658229406958, 6.646801370566372], [6.909521661419457, 6.5873789558165114], [6.902806642185932, 6.5529255973153155], [6.874651732575184, 6.458363282864575], [6.866363089252299, 6.401061988806013], [6.8575985698961075, 6.347828167860989], [6.8458460138179715, 6.28401648569632], [6.831800879631227, 6.210304531639103], [6.822471170406824, 6.157692923580889], [6.819276174483856, 6.1279027176998895], [6.802217557979783, 6.05434811990488], [6.7897147116717305, 5.990968720426444], [6.76321646473374, 5.9004596261285585], [6.738143951585552, 5.811607257833366], [6.709221790498158, 5.730449342539195], [6.662795676803252, 5.643199735691432], [6.6049826507922615, 5.5625640464924615], [6.536095722531935, 5.490511701812629], [6.4625403126236405, 5.422941686024551], [6.397648400580546, 5.348553412964229], [6.322890466963908, 5.282472649028186], [6.250562018668314, 5.214104132165794], [6.173535658931395, 5.1503936363362115], [6.10671021691527, 5.076250695993785], [6.049015774345061, 4.995432244052772], [5.989920760458371, 4.915244819035415], [5.933201904362103, 4.833396711757068], [5.877349491184613, 4.751250916530971], [5.823694224422833, 4.667884887566451], [5.770306228613516, 4.584520758499984], [5.718618261581322, 4.500279539635066], [5.666611335193774, 4.416083158364181], [5.613286378746888, 4.334054255297069], [5.553124166047236, 4.258061022868041], [5.482648841058871, 4.18920786063898], [5.4038616781589, 4.129754581858997], [5.320892265951296, 4.075698227991943], [5.236944644665381, 4.022039031048898], [5.161690316116473, 3.9588870605431836], [5.07905542007651, 3.9044431535505097], [4.995815216517111, 3.8511721020542424], [4.912117882585188, 3.7978069907032292], [4.833204179024359, 3.738349886050109], [4.7504309629556145, 3.683352374842052], [4.67589612207379, 3.617737085928802], [4.600363879418036, 3.5534826008580964], [4.522559775924345, 3.4916670596205037], [4.450069113587996, 3.423964021166448], [4.375923952972552, 3.357971762677316], [4.3044228245970215, 3.2889735748969358], [4.235034136986395, 3.218079907258634], [4.1596411307808365, 3.152834487517957], [4.090751140331885, 3.0808701639972966], [4.016626513516566, 3.014104386230592], [3.935841246461531, 2.955287040581588], [3.8609424149152245, 2.889139772763137], [3.7868400802370514, 2.8220789371036332], [3.713078937446734, 2.7546303881310266], [3.6398986642714943, 2.6865397183202546], [3.567385858809611, 2.6177210671805184], [3.4953441982623543, 2.5484169213079255], [3.4218133156653847, 2.4806981770299714], [3.3535603200551476, 2.407643960227851], [3.290303952014109, 2.3302087498806756], [3.2288920832332577, 2.251300284078006], [3.175276595121285, 2.1668973801635545], [3.120042274659535, 2.0835433540843766], [3.069130829488894, 1.9974804384611886], [3.018901827698609, 1.9110192967556756], [2.967496945476195, 1.825248756816272], [2.9148016115185227, 1.740263604929332], [2.86240957579579, 1.655089968254451], [2.8125283894595112, 1.5684213502310556], [2.7654742216226067, 1.4801855547331613], [2.7220427346881833, 1.3901112018131059], [2.6843141233083214, 1.2975032640599053], [2.6539741614368166, 1.2022184966110032], [2.631622270634433, 1.104750366320495], [2.616785592353007, 1.0058587802552026], [2.6091785705183055, 0.9061510575913232], [2.6027184780221786, 0.8063645450376313]], "actions": [{"v": 0.0008593499660491943, "w": -1.4973301887512207}, {"v": 0.0006423890590667725, "w": -1.4984207153320312}, {"v": 0.0004044473171234131, "w": -1.4991722106933594}, {"v": 0.00035575032234191895, "w": -1.499548316001892}, {"v": 0.00027507543563842773, "w": -1.4996888637542725}, {"v": 0.00020354986190795898, "w": -1.4995204210281372}, {"v": 0.00018587708473205566, "w": -1.4996874332427979}, {"v": 0.00023061037063598633, "w": -1.4998931884765625}, {"v": 0.0003007650375366211, "w": -1.4998950958251953}, {"v": 0.0004146397113800049, "w": -1.49992036819458}, {"v": 0.0007457137107849121, "w": -1.4999278783798218}, {"v": 0.001090705394744873, "w": -1.4999079704284668}, {"v": 0.0019433200359344482, "w": -1.4997515678405762}, {"v": 0.003673374652862549, "w": -1.4995949268341064}, {"v": 0.0034987926483154297, "w": -1.499612808227539}, {"v": 0.00295218825340271, "w": -1.499541997909546}, {"v": 0.0026596486568450928, "w": -1.4993857145309448}, {"v": 0.002671271562576294, "w": -1.4994373321533203}, {"v": 0.0025041699409484863, "w": -1.4992175102233887}, {"v": 0.0016634464263916016, "w": -1.4993972778320312}, {"v": 0.0014586448669433594, "w": -1.4996037483215332}, {"v": 0.0013433396816253662, "w": -1.4995954036712646}, {"v": 0.0018875300884246826, "w": -1.4992297887802124}, {"v": 0.0033635497093200684, "w": -1.4977357387542725}, {"v": 0.006988853216171265, "w": -1.4952919483184814}, {"v": 0.01877841353416443, "w": -1.4858732223510742}, {"v": 0.07657086849212646, "w": -1.4172862768173218}, {"v": 0.29508042335510254, "w": -1.1892879009246826}, {"v": 0.7022372484207153, "w": -0.8569069504737854}, {"v": 0.9173521995544434, "w": -0.4504474401473999}, {"v": 0.9584065675735474, "w": 0.47677507996559143}, {"v": 0.9277997612953186, "w": 0.6310020685195923}, {"v": 0.7072215676307678, "w": 0.44833052158355713}, {"v": 0.33140790462493896, "w": 0.5090669393539429}, {"v": 0.10706385970115662, "w": -0.6497707366943359}, {"v": 0.5127997994422913, "w": 0.5365638136863708}, {"v": 0.13618937134742737, "w": -0.7032723426818848}, {"v": 0.606836199760437, "w": 0.8229835033416748}, {"v": 0.10481810569763184, "w": -0.9317893981933594}, {"v": 0.6386529207229614, "w": 0.9517074823379517}, {"v": 0.08291706442832947, "w": -0.9822877645492554}, {"v": 0.6476390361785889, "w": 0.9614508748054504}, {"v": 0.0773504376411438,