{"episode": 16, "reward": 1040.508696119278, "goal": true, "collisions": 0, "path": [[5.58843282641169, 9.45349401789997], [5.668936275255646, 9.394285624803047], [5.739696614754166, 9.323704039634208], [5.799116961967911, 9.243339953900318], [5.845850229573216, 9.155020279766063], [5.878836397391524, 9.060779875100593], [5.897357801285352, 8.96273441422079], [5.901018720430102, 8.863103961528282], [5.889774938423898, 8.764218701005916], [5.863895724837448, 8.668141467452983], [5.823906532798674, 8.5768727641115], [5.770672611270811, 8.492468951226215], [5.705465852592852, 8.416970616162757], [5.629656999681856, 8.351929714859466], [5.544999621187117, 8.298853231550197], [5.453434898827936, 8.258786594451408], [5.356935209904577, 8.232708619863729], [5.257633461926844, 8.22113483115379], [5.157747081790831, 8.224459989651109], [5.05946287450638, 8.242597275136973], [4.9649803706749935, 8.275042664914395], [4.876285649214651, 8.321111381708647], [4.795331775520708, 8.37957759639528], [4.723845466349985, 8.448519085257317], [4.664425957326557, 8.52468001535442], [4.619853667293455, 8.600047115891243], [4.591347330559756, 8.662367914526726], [4.580344705221023, 8.69212115621474], [4.573186351761933, 8.713897234483625], [4.569547397627275, 8.726599051340486], [4.56707844355401, 8.737190375759269], [4.565604726278934, 8.746053838825787], [4.5649901472104375, 8.752681745870973], [4.564839563380474, 8.763124404198493], [4.566114135134512, 8.780163516945208], [4.56976114148415, 8.802691723874773], [4.579749204499194, 8.841120175740684], [4.599282667321631, 8.895641475639309], [4.6267066507614345, 8.95497938962933], [4.665922107455799, 9.022057383975948], [4.712426280883619, 9.086336455962623], [4.767084444222519, 9.148633561751808], [4.824233854470322, 9.204530626258816], [4.8848119697547645, 9.255702256879772], [4.949060553965637, 9.302982177308763], [5.0136015883661, 9.343369088790382], [5.07756392872102, 9.376851714870895], [5.143438944873878, 9.405482243469919], [5.2164204663611144, 9.430901165775026], [5.292355286238262, 9.45027163410839], [5.3809561452842445, 9.464460961244072], [5.4714653662420005, 9.470818165413107], [5.56929597472913, 9.468698307129557], [5.667994471547672, 9.456052141453142], [5.764818081913063, 9.432434311325665], [5.858359368798801, 9.397795440818186], [5.947215216515133, 9.352557903344746], [6.030142898020813, 9.29716948252451], [6.1054443887449, 9.23186997901928], [6.1725235453820915, 9.15827744286787], [6.230905114022562, 9.077805785651321], [6.280096022692987, 8.991636527891274], [6.320330852923462, 8.901084816272373], [6.351530576405594, 8.807211859340782], [6.373424874899456, 8.711383877511139], [6.385886980501482, 8.614984719271774], [6.3892358784112275, 8.51940873097908], [6.3844180475468875, 8.427532760615463], [6.373988941825473, 8.337395167167301], [6.359610900796497, 8.250397196228619], [6.343427427626693, 8.16447307002079], [6.326737104497397, 8.079912899251099], [6.310997598386848, 7.996844327266331], [6.297042300506973, 7.915236985499973], [6.285544062546933, 7.832416949982758], [6.276512493893051, 7.74624719303381], [6.267553121365154, 7.6606497151805115], [6.2597455997499765, 7.575045472200031], [6.253734779126489, 7.48919020425808], [6.250525211264858, 7.403566112930889], [6.251122076345155, 7.316614268536682], [6.256453027763882, 7.2217874957276535], [6.26550645828388, 7.128980009074326], [6.280610823818961, 7.035656010921116], [6.299343738520065, 6.94291820209753], [6.318160630577722, 6.856184689517136], [6.3387901166468055, 6.777457690055485], [6.36133617144219, 6.7119424996925545], [6.3912868293016345, 6.643676741237755], [6.415655828827539, 6.5963209813488675], [6.439255488851586, 6.5584273992134285], [6.48314031381301, 6.49984552171361], [6.5308772901087195, 6.444540379757996], [6.593664480188409, 6.381704664046879], [6.660533217528382, 6.3216235620928956], [6.727586081066647, 6.26514325496089], [6.801330713370362, 6.207831261868591], [6.877547589877167, 6.149954280073757], [6.951959511080304, 6.091042204017754], [7.024807644823113, 6.0320191217614365], [7.096012091079274, 5.973100526447411], [7.166696345248738, 5.9176956435693455], [7.236876150408307, 5.867137922163124], [7.292443217524806, 5.832076264734383], [7.346862980911055, 5.802051035876389], [7.400638034382382, 5.776571033711548], [7.43884289432458, 5.761386431011374], [7.462698928826967, 5.753949250283654], [7.483378303983727, 5.749376507199372], [7.503566510790506, 5.746641971127133], [7.5228775775074155, 5.745770323570355], [7.552283484303871, 5.747064470444343], [7.59555590134255, 5.752840340268335], [7.631911795401493, 5.76119991218718], [7.665101520532289, 5.772199708167932], [7.70126030575625, 5.7879791624289965], [7.734040621483246, 5.805713492576501], [7.76878353934876, 5.828484752346299], [7.803737472557941, 5.8552674140227055], [7.832952948102275, 5.880852383692286], [7.854194331729332, 5.901629620362542], [7.873431937584201, 5.922598933000586], [7.893199868315378, 5.946671498138926], [7.912578327396432, 5.973105850760362], [7.929800696486154, 5.9991510185790276], [7.9465587565689475, 6.0275268863332485], [7.9635972024887, 6.059519884307406], [7.980203969219247, 6.093710885514042], [7.9966028293608815, 6.130371098537466], [8.012329818496028, 6.167983704377434], [8.026716851444462, 6.204528183807156], [8.040218370781758, 6.240909704138062], [8.05353422910116, 6.278087918777487], [8.067628312671104, 6.318892826457045], [8.081758951583424, 6.361000296790621], [8.095863468760172, 6.403919925112746], [8.11036551259599, 6.450444386471531], [8.124551677891532, 6.4964640486431335], [8.138956870698848, 6.545088217724583], [8.154027952627757, 6.597589814234993], [8.168746311032692, 6.649523400832436], [8.183233492822865, 6.702476118822119], [8.197539972887853, 6.75632823737385], [8.211958398857632, 6.812426191885493], [8.226294060052851, 6.869656839538834], [8.240196793155292, 6.927844849545977], [8.254030375556567, 6.988805328626654], [8.266806447693625, 7.045680315364621], [8.27964633591614, 7.108931527603886], [8.292659581454018, 7.174438872505448], [8.304065439665237, 7.232645896394274], [8.31449034139655, 7.29238340737345], [8.323627379538038, 7.350585253108761], [8.330394815934369, 7.401564915795348], [8.335254945607403, 7.453788914848587], [8.338199628099346, 7.509008751381657], [8.339568533866213, 7.565105226953051], [8.339357888330369, 7.615852438975594], [8.336926970402374, 7.665003367830536], [8.3317477128046, 7.7174880254459595], [8.321679953722878, 7.782514509875796], [8.31188271404676, 7.83189774783375], [8.29923688644044, 7.880154528785965], [8.285915836929007, 7.920001098085663], [8.268651101975365, 7.962103058714888], [8.251106525077148, 7.998731524814389], [8.225603739036842, 8.043688082267067], [8.196602050452157, 8.087893371601126], [8.164466802267953, 8.130693611819765], [8.126427300511523, 8.174502880443356], [8.083523582904263, 8.217779790182135], [8.032397225736304, 8.26314059006097], [7.975867215781136, 8.30775141449692], [7.914156668125315, 8.351970099974892], [7.849571593342944, 8.394984671045563], [7.783512078462763, 8.436414056588433], [7.715317458151503, 8.477414199281952], [7.648139357803984, 8.517148775179407], [7.580560356615706, 8.555716817398093], [7.511309780417605, 8.594074227978012], [7.442980900643988, 8.631505255718253], [7.375104628740473, 8.667297207881234], [7.305563390492125, 8.702034306843302], [7.230285905538722, 8.737619803417942], [7.151723839579745, 8.773153425325177], [7.073617451130076, 8.807127376217863], [6.992399201034232, 8.839314893950245], [6.908867277442141, 8.870013729800007], [6.823928073285742, 8.898988640998027], [6.738041796027346, 8.925735061187765], [6.651147589324637, 8.949625062887094], [6.562451802431269, 8.971216070596597], [6.472156301377936, 8.9914898212445], [6.380020126937552, 9.010120662991426], [6.286873124777003, 9.027275924701712], [6.192523151873274, 9.04366189720156], [6.0979914667593675, 9.059369894806764], [6.002328373728915, 9.073324528653643], 